Phage,confidence
"Achromobacter phage JWAlpha, complete genome",0.0102
"Achromobacter phage JWDelta, complete genome",0.0102
"Achromobacter phage JWF, complete genome",0.0510
"Acinetobacter phage Acj9, complete genome",0.0102
"Acinetobacter phage SH-Ab 15599, complete genome",0.0102
"Acinetobacter phage vB_AbaM_phiAbaA1, complete genome",0.0102
"Aeromonas phage 4_L372D, complete genome",0.0408
"Agrobacterium phage Alfirin, complete genome",0.0102
"Alteromonas phage vB_AmaP_AD45-P1, complete genome",0.0102
"Alteromonas phage vB_AmaP_AD45-P2, complete genome",0.0102
"Alteromonas phage vB_AmaP_AD45-P3, complete genome",0.0102
"Alteromonas phage vB_AmaP_AD45-P4, complete genome",0.0102
"Atrivirus PS6, complete genome",0.0408
"Bacillus phage 0524phi7-1, complete genome",0.0408
"Bacillus phage 268TH003, complete genome",0.0408
"Bacillus phage 268TH008, complete genome",0.0408
"Bacillus phage 279BB001, complete genome",0.0408
"Bacillus phage Asciepus, complete genome",0.0408
"Bacillus phage B13, complete genome",0.0408
"Bacillus phage B13S, complete genome",0.0408
"Bacillus phage BC-5, complete genome",0.0408
"Bacillus phage BCC348, complete genome",0.0408
"Bacillus phage Bolokhovo, complete genome",0.0408
"Bacillus phage Bquatquinnuvirus eskimopiis B450C, complete genome",0.0408
"Bacillus phage Bquatquinnuvirus eskimopiis B450T, complete genome",0.0408
"Bacillus phage CM2 DNA, complete genome",0.0408
"Bacillus phage Chedec 11, complete genome",0.0408
"Bacillus phage Edson, complete genome",0.0408
"Bacillus phage Flasso, complete genome",0.0408
"Bacillus phage GH_01, complete genome",0.0408
"Bacillus phage HRZ04p, complete genome",0.0408
"Bacillus phage JBA6, complete genome",0.0408
"Bacillus phage MAC24, complete genome",0.0408
"Bacillus phage MBMR7, complete genome",0.0408
"Bacillus phage Nierus, complete genome",0.0408
"Bacillus phage Novomoskovsk, complete genome",0.0408
"Bacillus phage P37, complete genome",0.0408
"Bacillus phage PBC_MG88, complete genome",0.0408
"Bacillus phage PBC_MG99, complete genome",0.0408
"Bacillus phage PS1, complete genome",0.0408
"Bacillus phage TPL-01, complete genome",0.0408
"Bacillus phage WAH1, complete genome",0.0408
"Bacillus phage Wyvern, complete genome",0.0408
"Bacillus phage vB_BaeroP_SYYB1, complete genome",0.0408
"Bacillus phage vB_BcM_CUBc25, complete genome",0.0408
"Bacillus phage vB_BcM_Sam46, complete genome",0.0408
"Bacillus phage vB_BceH_LBC2, complete genome",0.0408
"Bacillus phage vB_BceP_LY3, complete genome",0.0408
"Bacillus phage vB_BceS_LY1, complete genome",0.0408
"Bacillus phage vB_BceS_LY5, complete genome",0.0408
"Bacillus phage vB_Bl_WP7, complete genome",0.0408
"Bacillus phage vB_BliM_Yucatan, complete genome",0.0408
"Bacillus subtilis subsp. subtilis str. AG1839 chromosome, complete genome",0.0408
"Bacillus subtilis subsp. subtilis str. JH642 substr. AG174 strain JH642 chromosome, complete genome",0.0408
"Bacteriophage D3112, complete genome",0.0408
"Bacteroides phage BKO1-3, complete genome",0.0408
"Bacteroides phage BS-TP2, complete genome",0.0102
"Bacteroides phage BS-TP3, complete genome",0.0102
"Bathycoccus sp. RCC1105 virus BpV1, complete genome",0.0408
"Burkholderia phage Maja, complete genome",0.0102
"Burkholderia phage phiE125, complete genome",0.0408
"Campylobacter phage NCTC12673, complete genome",0.0102
"Caulobacter phage RBC11, complete genome",0.0408
"Cellulosimicrobium phage Basalisk, complete genome",0.0408
"Cellulosimicrobium phage Cerberus, complete genome",0.0408
"Cellulosimicrobium phage Gorgon, complete genome",0.0408
"Cronobacter phage vB_CsaM_GAP32, complete genome",0.0102
"Delftia phage PhiW-14, complete genome",0.0102
"Dickeya phage BIM BV-99, complete genome",0.0102
"Enterococcus phage EA1, complete genome",0.0408
"Enterococcus phage EG-TP1, complete genome",0.0408
"Enterococcus phage PEf771, complete genome",0.0408
"Erwinia amylovora ATCC 49946, complete sequence",0.0408
"Erwinia phage Pastis, complete genome",0.0408
"Erwinia phage phiEa21-4, complete genome",0.0102
"Escherichia phage 5537, complete genome",0.0408
"Escherichia phage 5538_ALONE, complete genome",0.0408
"Escherichia phage 5538_NON_ALONE, complete genome",0.0408
"Escherichia phage 5540, complete genome",0.0408
"Escherichia phage Aidakhar, complete genome",0.0408
"Escherichia phage Anabia, complete genome",0.0408
"Escherichia phage Arnold, complete genome",0.0408
"Escherichia phage Ayan, complete genome",0.0408
"Escherichia phage Azraf, complete genome",0.0408
"Escherichia phage Baiterek, complete genome",0.0408
"Escherichia phage BrunoManser, complete genome",0.0408
"Escherichia phage CLB_P3, complete genome",0.0408
"Escherichia phage CUTI, complete genome",0.0408
"Escherichia phage Char1o2, complete genome",0.0408
"Escherichia phage Char3.1A, complete genome",0.0408
"Escherichia phage Char4.1C, complete genome",0.0408
"Escherichia phage EC-2-32-1, complete genome",0.0408
"Escherichia phage EC1KC, complete genome",0.0408
"Escherichia phage EC3KM, complete genome",0.0408
"Escherichia phage ECP2306, complete genome",0.0408
"Escherichia phage ECP2308, complete genome",0.0408
"Escherichia phage ECP2402, complete genome",0.0408
"Escherichia phage EcoFZ-31, complete genome",0.0408
"Escherichia phage EcoFZ-54S4, complete genome",0.0408
"Escherichia phage GN06, complete genome",0.0408
"Escherichia phage GN07, complete genome",0.0408
"Escherichia phage Inksom_phi25-4, complete genome",0.0408
"Escherichia phage Inksom_phi25-6, complete genome",0.0408
"Escherichia phage Inksom_phi50-4, complete genome",0.0408
"Escherichia phage JLBYU26, complete genome",0.0408
"Escherichia phage Josas_2H4 genome assembly, complete genome: monopartite",0.0408
"Escherichia phage Junood_PK_3, complete genome",0.0408
"Escherichia phage Junood_PK_4, complete genome",0.0408
"Escherichia phage Junood_PK_5, complete genome",0.0408
"Escherichia phage KBU_SV1, complete genome",0.0408
"Escherichia phage KN30, complete genome",0.0408
"Escherichia phage LHE71, complete genome",0.0408
"Escherichia phage LeonhardEuler, complete genome",0.0408
"Escherichia phage Lg3, complete genome",0.0408
"Escherichia phage MEC7, complete genome",0.0408
"Escherichia phage ML-2, complete genome",0.0408
"Escherichia phage Rayhan, complete genome",0.0408
"Escherichia phage S11, complete genome",0.0408
"Escherichia phage SF-E4, complete genome",0.0408
"Escherichia phage Samruk, complete genome",0.0408
"Escherichia phage Serwaa, complete genome",0.0408
"Escherichia phage Shurale, complete genome",0.0408
"Escherichia phage T1, complete genome",0.0408
"Escherichia phage Taldykol, complete genome",0.0408
"Escherichia phage Tiny, complete genome",0.0408
"Escherichia phage Tulpar, complete genome",0.0408
"Escherichia phage Wasif, complete genome",0.0408
"Escherichia phage bV_EcoS_AHP24, complete genome",0.0102
"Escherichia phage bV_EcoS_AHP42, complete genome",0.0102
"Escherichia phage bV_EcoS_AHS24, complete genome",0.0102
"Escherichia phage bV_EcoS_AKS96, complete genome",0.0102
"Escherichia phage ityhuna, complete genome",0.0408
"Escherichia phage jv_4E6 genome assembly, complete genome: monopartite",0.0408
"Escherichia phage mEp409, complete genome",0.0408
"Escherichia phage orkinos, complete genome",0.0408
"Escherichia phage phago12, complete genome",0.0408
"Escherichia phage phiKT, complete genome",0.0102
"Escherichia phage phiM, complete genome",0.0408
"Escherichia phage ue_4C9 genome assembly, complete genome: monopartite",0.0408
"Escherichia phage ue_4E6 genome assembly, complete genome: monopartite",0.0408
"Escherichia phage vB_EcS_Jnl-01, complete genome",0.0408
"Escherichia phage vB_EcoD_Poky, complete genome",0.0408
"Escherichia phage vB_EcoM-DCSW23lw, complete genome",0.0408
"Escherichia phage vB_EcoM-RPN242-TrD10, complete genome",0.0408
"Escherichia phage vB_EcoM_D15, complete genome",0.0408
"Escherichia phage vB_EcoM_ED, complete genome",0.0408
"Escherichia phage vB_EcoM_QH04, complete genome",0.0408
"Escherichia phage vB_EcoM_QH05, complete genome",0.0408
"Escherichia phage vB_EcoM_Ww_Az2, complete genome",0.0408
"Escherichia phage vB_EcoP_P61425, complete genome",0.0408
"Escherichia phage vB_EcoS-NB10, complete genome",0.0408
"Escherichia phage vB_EcoS_Chapo, complete genome",0.0408
"Escherichia phage vB_EcoS_GZMU_EI9, complete genome",0.0408
"Escherichia phage vB_EcoS_SA12KD, complete genome",0.0408
"Escherichia phage vB_EcoS_SA30RD, complete genome",0.0408
"Escherichia phage vB_EcoS_SA32RD, complete genome",0.0408
"Escherichia phage vB_Eco_ppH1, complete genome",0.0408
"Klebsiella phage 2024.TE.12362, complete genome",0.0408
"Klebsiella phage 2024.TE.12363, complete genome",0.0408
"Klebsiella phage 2024.TE.12364, complete genome",0.0408
"Klebsiella phage 2024.TE.12365, complete genome",0.0408
"Klebsiella phage 2024.TE.12369, complete genome",0.0408
"Klebsiella phage 2024.TE.12370, complete genome",0.0408
"Klebsiella phage 2024.TE.12371, complete genome",0.0408
"Klebsiella phage 2024.TE.12372, complete genome",0.0408
"Klebsiella phage B1, complete genome",0.0408
"Klebsiella phage CP-p-KP-21005, complete genome",0.0408
"Klebsiella phage CP-p-KP-21065, complete genome",0.0408
"Klebsiella phage CP-p-KP-21107, complete genome",0.0408
"Klebsiella phage CP-p-KP-22142, complete genome",0.0408
"Klebsiella phage CP-p-KP-22145, complete genome",0.0408
"Klebsiella phage CP-p-KP-22185, complete genome",0.0408
"Klebsiella phage CP-p-KP-23208, complete genome",0.0408
"Klebsiella phage CP-p-KP-23232, complete genome",0.0408
"Klebsiella phage F8_1, complete genome",0.0408
"Klebsiella phage Henu16, complete genome",0.0408
"Klebsiella phage Junood_PK6, complete genome",0.0408
"Klebsiella phage KA2-1, complete genome",0.0510
"Klebsiella phage KBU_SV2, complete genome",0.0408
"Klebsiella phage KP-D-4, complete genome",0.0408
"Klebsiella phage KPTJT11, complete genome",0.0408
"Klebsiella phage Kp_AHMU1, complete genome",0.0408
"Klebsiella phage P1524, complete genome",0.0408
"Klebsiella phage PK9, complete genome",0.0408
"Klebsiella phage PKG, complete genome",0.0408
"Klebsiella phage PKS, complete genome",0.0408
"Klebsiella phage Ptero, complete genome",0.0408
"Klebsiella phage SAKp26.2, complete genome",0.0408
"Klebsiella phage SLAM_phiKP05, complete genome",0.0408
"Klebsiella phage SLAM_phiKP14, complete genome",0.0408
"Klebsiella phage Silvester, complete genome",0.0408
"Klebsiella phage TRK61, complete genome",0.0408
"Klebsiella phage phi1_066047, complete genome",0.0408
"Klebsiella phage phiKO2, complete genome",0.0102
"Klebsiella phage vB_KpnP_ZCKP10, complete genome",0.0408
"Klebsiella phage vB_KpnS_ZX2, complete genome",0.0408
"Lactobacillus phage LP65, complete genome",0.0408
"Microbacterium phage Min1, complete genome",0.0408
"Mycobacterium phage Ablatia, complete genome",0.0408
"Mycobacterium phage Alkhayr, complete genome",0.0408
"Mycobacterium phage Aloeri, complete genome",0.0408
"Mycobacterium phage Amao, complete genome",0.0408
"Mycobacterium phage Baoshan, complete genome",0.0408
"Mycobacterium phage Bern, complete genome",0.0408
"Mycobacterium phage Brushbloom, complete genome",0.0408
"Mycobacterium phage Coletti, complete genome",0.0408
"Mycobacterium phage EGUnicorn, complete genome",0.0408
"Mycobacterium phage GinPorsche, complete genome",0.0408
"Mycobacterium phage GlutenPhree, complete genome",0.0408
"Mycobacterium phage JulietS, complete genome",0.0408
"Mycobacterium phage Koan, complete genome",0.0408
"Mycobacterium phage Koduck, complete genome",0.0408
"Mycobacterium phage Kolhan, complete genome",0.0408
"Mycobacterium phage Lea83, complete genome",0.0408
"Mycobacterium phage MacKat, complete genome",0.0408
"Mycobacterium phage Matsumoto, complete genome",0.0408
"Mycobacterium phage November, complete genome",0.0408
"Mycobacterium phage SVoro, complete genome",0.0408
"Mycobacterium phage SenorClean, complete genome",0.0408
"Mycobacterium phage Snickers, complete genome",0.0408
"Mycobacterium phage SwirlSquare, complete genome",0.0408
"Mycobacterium phage Thimble, complete genome",0.0408
"Mycobacterium phage TinyTerror, complete genome",0.0408
"Mycobacterium phage Underpass, complete genome",0.0408
"Pantoea phage vB_PagM_LIET2, complete genome",0.0102
"Pantoea phage vB_PagS_AAS23, complete genome",0.0102
"Pantoea phage vB_PagS_MED16, complete genome",0.0102
"Pectobacterium phage phiTE, complete genome",0.0102
"Phage Salvo, complete genome",0.0510
"Phage Sano, complete genome",0.0510
"Priestia phage Salamander, complete genome",0.0408
"Priestia phage Wyrm, complete genome",0.0408
"Pseudoalteromonas phage J2-1_QLiu-2017, complete genome",0.0408
"Pseudomonas phage 41S1, complete genome",0.0408
"Pseudomonas phage ACS, complete genome",0.0408
"Pseudomonas phage Athelas, complete genome",0.0102
"Pseudomonas phage Baskent_P7, complete genome",0.0408
"Pseudomonas phage Cootes, complete genome",0.0408
"Pseudomonas phage D3112, complete genome",0.0408
"Pseudomonas phage Dresden, complete genome",0.0408
"Pseudomonas phage E5M1, complete genome",0.0408
"Pseudomonas phage Junood_PK3, complete genome",0.0408
"Pseudomonas phage Junood_PK4, complete genome",0.0408
"Pseudomonas phage Junood_PK_1, complete genome",0.0408
"Pseudomonas phage Junood_PK_2, complete genome",0.0408
"Pseudomonas phage Kipling, complete genome",0.0408
"Pseudomonas phage Klucen469, complete genome",0.0408
"Pseudomonas phage Kovar531, complete genome",0.0408
"Pseudomonas phage LPS-4, complete genome",0.0408
"Pseudomonas phage Lasov521, complete genome",0.0408
"Pseudomonas phage Luminis, complete genome",0.0408
"Pseudomonas phage MC11, complete genome",0.0408
"Pseudomonas phage MME, complete genome",0.0408
"Pseudomonas phage Nican01, complete genome",0.0102
"Pseudomonas phage OmaKarin genome assembly, chromosome: 1",0.0408
"Pseudomonas phage OmaKarin, complete genome",0.0408
"Pseudomonas phage Onen484, complete genome",0.0408
"Pseudomonas phage Onen526, complete genome",0.0408
"Pseudomonas phage Orimi01, complete genome",0.0408
"Pseudomonas phage Orisa01, complete genome",0.0510
"Pseudomonas phage Orisa02, complete genome",0.0510
"Pseudomonas phage Orisa03, complete genome",0.0102
"Pseudomonas phage PAW33, complete genome",0.0408
"Pseudomonas phage PFXL2-1, complete genome",0.0408
"Pseudomonas phage PO4, complete genome",0.0408
"Pseudomonas phage PSA39, complete genome",0.0408
"Pseudomonas phage PTLB_14-5818, complete genome",0.0408
"Pseudomonas phage PyoPredator-2025, complete genome",0.0408
"Pseudomonas phage Radvan531, complete genome",0.0408
"Pseudomonas phage Shea, complete genome",0.0408
"Pseudomonas phage Spalt, complete genome",0.0408
"Pseudomonas phage Stade, complete genome",0.0408
"Pseudomonas phage TIVP-31Bull2, complete genome",0.0408
"Pseudomonas phage Touem01, complete genome",0.0510
"Pseudomonas phage VNP12.1, complete genome",0.0408
"Pseudomonas phage WCHPA-P2, complete genome",0.0408
"Pseudomonas phage XBug, complete genome",0.0408
"Pseudomonas phage XC2, complete genome",0.0408
"Pseudomonas phage Y6096, complete genome",0.0408
"Pseudomonas phage pSO21, complete genome",0.0408
"Pseudomonas phage pWA51, complete genome",0.0408
"Pseudomonas phage ph3678, complete genome",0.0408
"Pseudomonas phage phQ2, complete genome",0.0408
"Pseudomonas phage phQ3, complete genome",0.0408
"Pseudomonas phage phiK601, complete genome",0.0408
"Pseudomonas phage phiK7A1, complete genome",0.0102
"Pseudomonas phage vB-PA-CH01, complete genome",0.0408
"Pseudomonas phage vB_PaS_GZMU_PS12, complete genome",0.0408
"Pseudomonas phage vB_Pa_AN-12, complete genome",0.0408
"Pseudomonas phage vB_PaeA-38F, complete genome",0.0408
"Pseudomonas phage vB_PaeM_ARP5, complete genome",0.0408
"Pseudomonas phage vB_PaeM_BonaDea, complete genome",0.0408
"Pseudomonas phage vB_PaeM_PKMS3, complete genome",0.0408
"Pseudomonas phage vB_PaeP-27853, complete genome",0.0408
"Pseudomonas phage vB_PaeP_P39, complete genome",0.0408
"Pseudomonas phage vB_PaeS_ARP3, complete genome",0.0408
"Pseudomonas phage vB_PsP_Jiug, complete genome",0.0408
"Pseudomonas phage vB_PsP_Sever, complete genome",0.0408
"Pseudomonas phage vB_PsP_Vostok, complete genome",0.0408
"Pseudomonas phage vB_PsP_Zapad, complete genome",0.0408
"Pseudomonas phage vB_Psp_JHDO137a, complete genome",0.0408
"Pseudomonas phage vanta, complete genome",0.0408
"Pseudoxanthomonas phage PS211, complete genome",0.0408
"Pseudoxanthomonas phage PS519, complete genome",0.0408
"Pseudoxanthomonas phage PS525, complete genome",0.0408
"Pseudoxanthomonas phage PT226, complete genome",0.0408
"Pseudoxanthomonas phage PT456, complete genome",0.0408
"Pseudoxanthomonas phage PT816, complete genome",0.0408
"Ruminococcus phage phiRM10, complete genome",0.0408
"Ruminococcus phage phiRg507T2_2, complete genome",0.0408
"Ruminococcus phage phiRg507T2_3, complete genome",0.0408
"Ruminococcus phage phiRgIBDN1, complete genome",0.0408
"Salmonella phage GSP011, complete genome",0.0408
"Salmonella phage GSP032, complete genome",0.0408
"Salmonella phage GSP060, complete genome",0.0408
"Salmonella phage Jafari_IR2025 DNA, complete genome",0.0408
"Salmonella phage LP31, complete genome",0.0102
"Salmonella phage P53F, complete genome",0.0408
"Salmonella phage PVP-SE1, complete genome",0.0102
"Salmonella phage S150, complete genome",0.0408
"Salmonella phage S151, complete genome",0.0408
"Salmonella phage S152, complete genome",0.0408
"Salmonella phage S153, complete genome",0.0408
"Salmonella phage S154, complete genome",0.0408
"Salmonella phage S155, complete genome",0.0408
"Salmonella phage S156, complete genome",0.0408
"Salmonella phage S157, complete genome",0.0408
"Salmonella phage S158, complete genome",0.0408
"Salmonella phage S159, complete genome",0.0408
"Salmonella phage S55, complete genome",0.0102
"Salmonella phage ST64B, complete genome",0.0408
"Salmonella phage SZ-29, complete genome",0.0408
"Salmonella phage Salfin_2, complete genome",0.0408
Salmonella phage Vi01 complete sequence,0.0408
"Salmonella phage misterkot, complete genome",0.0408
"Salmonella phage vB_PhiESI, complete genome",0.0408
"Salmonella phage vB_SEn_Bv0003, complete genome",0.0408
"Salmonella phage vB_SEn_PH353, complete genome",0.0408
"Salmonella phage vB_SEn_PH477, complete genome",0.0408
"Salmonella phage vB_SIn_BV005, complete genome",0.0408
"Salmonella phage vB_SPuM_SP02, complete genome",0.0408
"Salmonella phage vB_STy_BV004, complete genome",0.0408
"Salmonella phage vB_SeT-PST5, complete genome",0.0408
"Salmonella phage vB_SenM-AKM_CE, complete genome",0.0102
"Salmonella phage vB_SenS_UTK0006, complete genome",0.0408
"Salmonella phage vB_SenS_UTK0007, complete genome",0.0408
"Salmonella phage vB_salP-bKK1, complete genome",0.0408
"Salmonella phage vB_salP-bTM, complete genome",0.0408
"Salmonella phage vB_salP-pSN, complete genome",0.0408
"Salmonella phage vB_salP-pYM, complete genome",0.0408
"Serratia phage Tsm2, complete genome",0.0102
"Shigella phage phiSboM-AG3, complete genome",0.0102
"Staphylococcus phage 1306KAYMAS-S15, complete genome",0.0408
"Staphylococcus phage 29740-R20-P4, complete genome",0.0408
"Staphylococcus phage BP13, complete genome",0.0408
"Staphylococcus phage BP14, complete genome",0.0408
"Staphylococcus phage EAS1, complete genome",0.0408
"Staphylococcus phage EAS2, complete genome",0.0408
"Staphylococcus phage EFLK1_S, complete genome",0.0408
"Staphylococcus phage J1P1, complete genome",0.0408
"Staphylococcus phage J1P2, complete genome",0.0408
"Staphylococcus phage J1P3, complete genome",0.0408
"Staphylococcus phage J2-1P1, complete genome",0.0408
"Staphylococcus phage J2-1P2, complete genome",0.0408
"Staphylococcus phage KXI_01, complete genome",0.0408
"Staphylococcus phage LAC-R10-P2, complete genome",0.0408
"Staphylococcus phage PSARa, complete genome",0.0408
"Staphylococcus phage SA-Mt1, complete genome",0.0408
"Staphylococcus phage SA1298, complete genome",0.0408
"Staphylococcus phage SAP02, complete genome",0.0408
"Staphylococcus phage SAP15, complete genome",0.0408
"Staphylococcus phage SAP24, complete genome",0.0408
"Staphylococcus phage SapYZUs8, complete genome",0.0408
"Staphylococcus phage d191, complete genome",0.0408
"Staphylococcus phage pelagios, complete genome",0.0408
"Staphylococcus phage sv_nwjns1, complete genome",0.0408
"Staphylococcus phage vB_Sau-RP15-TrD7, complete genome",0.0408
"Staphylococcus phage vB_SauL_SHZU01, complete genome",0.0408
"Staphylococcus phage vB_SauM-MUHD-1, complete genome",0.0408
"Staphylococcus phage vB_SauM_HN02, complete genome",0.0408
"Staphylococcus phage vB_SauP_RLup11, complete genome",0.0408
"Staphylococcus phage vB_SauP_RLup12, complete genome",0.0408
"Staphylococcus phage vB_Sep_steph3, complete genome",0.0408
"Staphylococcus phage vB_Sep_steph4, complete genome",0.0408
"Staphylococcus phage vB_SeqP_SEP, complete genome",0.0408
"Stenotrophomonas phage ANB28, complete genome",0.0408
"Stenotrophomonas phage BCVI_Sma-b21phi, complete genome",0.0408
"Stenotrophomonas phage BCVI_Sma-b22phi, complete genome",0.0408
"Stenotrophomonas phage BCVI_Sma-b23phi, complete genome",0.0408
"Stenotrophomonas phage BCVI_Sma-b24phi, complete genome",0.0408
"Stenotrophomonas phage BUCT798, complete genome",0.0408
"Stenotrophomonas phage BUCT799, complete genome",0.0408
"Stenotrophomonas phage BUCTxx100, complete genome",0.0408
"Stenotrophomonas phage BUCTxx99, complete genome",0.0408
"Stenotrophomonas phage CM2, complete genome",0.0408
"Stenotrophomonas phage CP-p-PMA-23011, complete genome",0.0408
"Stenotrophomonas phage KB824, complete genome",0.0408
"Stenotrophomonas phage Passau, complete genome",0.0408
"Stenotrophomonas phage Pirna, complete genome",0.0408
"Stenotrophomonas phage Pokken, complete genome",0.0408
"Stenotrophomonas phage Potsdam, complete genome",0.0408
"Stenotrophomonas phage RAS14, complete genome",0.0408
"Stenotrophomonas phage S28phi1, complete genome",0.0408
"Stenotrophomonas phage S28phi2, complete genome",0.0408
"Stenotrophomonas phage S72, complete genome",0.0408
"Stenotrophomonas phage SB2, complete genome",0.0510
"Stenotrophomonas phage SB5, complete genome",0.0510
"Stenotrophomonas phage SBP1, complete genome",0.0408
"Stenotrophomonas phage SBP2phi1, complete genome",0.0408
"Stenotrophomonas phage SBP2phi2, complete genome",0.0408
"Stenotrophomonas phage SBP3.1phi1, complete genome",0.0408
"Stenotrophomonas phage SBP3.1phi2, complete genome",0.0408
"Stenotrophomonas phage SBP3.1phi2.1, complete genome",0.0408
"Stenotrophomonas phage SBP3.2phi1, complete genome",0.0408
"Stenotrophomonas phage SBP4phi1, complete genome",0.0408
"Stenotrophomonas phage SBP4phi2, complete genome",0.0408
"Stenotrophomonas phage SBP5phi1, complete genome",0.0408
"Stenotrophomonas phage SBP5phi2, complete genome",0.0408
"Stenotrophomonas phage SBP6phi1, complete genome",0.0408
"Stenotrophomonas phage SBP7phi1, complete genome",0.0408
"Stenotrophomonas phage SOVA965, complete genome",0.0510
"Stenotrophomonas phage Siegen, complete genome",0.0408
"Stenotrophomonas phage Silvanus, complete genome",0.0102
"Stenotrophomonas phage Solingen, complete genome",0.0408
"Stenotrophomonas phage StM171, complete genome",0.0408
"Stenotrophomonas phage StenM_174, complete genome",0.0408
"Stenotrophomonas phage StenR_269, complete genome",0.0408
"Stenotrophomonas phage Stm18, complete genome",0.0408
"Stenotrophomonas phage TPWB-10, complete genome",0.0408
"Stenotrophomonas phage YB07, complete genome",0.0408
"Stenotrophomonas phage Yut1, complete genome",0.0408
"Stenotrophomonas phage Yut2, complete genome",0.0408
"Stenotrophomonas phage Yut3, complete genome",0.0408
"Stenotrophomonas phage Yut4, complete genome",0.0408
"Stenotrophomonas phage c9-N, complete genome",0.0408
"Stenotrophomonas phage cm3, complete genome",0.0408
"Stenotrophomonas phage vB_SmaM_Bhz51, complete genome",0.0408
"Stenotrophomonas phage vB_SmaM_Ps15, complete genome",0.0408
"Stenotrophomonas phage vB_SmaM_QH202, complete genome",0.0408
"Stenotrophomonas phage vB_SmaS-AXL_1, complete genome",0.0408
"Stenotrophomonas phage vB_SmaS_BCU1, complete genome",0.0408
"Stenotrophomonas phage vB_SmaS_Bhz54, complete genome",0.0408
"Stenotrophomonas phage vB_SmaS_Bhz55, complete genome",0.0408
"Stenotrophomonas phage vB_SmaS_Bhz58, complete genome",0.0408
"Stenotrophomonas phage vB_SmaS_Bhz59, complete genome",0.0408
"Stenotrophomonas phage vB_SmaS_Bhz60, complete genome",0.0408
"Stenotrophomonas phage vB_SmaS_Bhz63, complete genome",0.0408
"Stenotrophomonas phage vB_SmaS_QH1, complete genome",0.0408
"Stenotrophomonas phage vB_SmaS_QH16, complete genome",0.0408
"Stenotrophomonas phage vB_SmaS_QH3, complete genome",0.0408
"Stenotrophomonas phage vB_SmaS_YA1, complete genome",0.0408
"Stenotrophomonas phage vB_Sma_QH167, complete genome",0.0408
"Stenotrophomonas phage vB_Sma_QH17, complete genome",0.0408
"Stenotrophomonas phage vB_Sma_QH84, complete genome",0.0408
"Stenotrophomonas phage vB_Srh_LBjhp91a, complete genome",0.0408
"Streptomyces phage ZL12, complete genome",0.0408
"UNVERIFIED: Bacillus phage PHZU0001, complete genome",0.0408
"UNVERIFIED: Escherichia phage ECL1, complete genome",0.0408
"UNVERIFIED: Escherichia phage ETEC-S3, complete genome",0.0408
"UNVERIFIED: Escherichia phage pCABI-SEA001, complete genome",0.0408
"UNVERIFIED: Klebsiella phage EGYARMY-RLEUH01, complete genome",0.0408
"UNVERIFIED: Klebsiella phage vB_KpaM_pL, complete genome",0.0408
"UNVERIFIED: Mycobacterium phage U01, complete genome",0.0408
"UNVERIFIED: Mycobacterium phage U02, complete genome",0.0408
"UNVERIFIED: Mycobacterium phage U03, complete genome",0.0408
"UNVERIFIED: Mycobacterium phage U05, complete genome",0.0408
"UNVERIFIED: Pseudomonas phage Ep007, complete genome",0.0102
"UNVERIFIED: Pseudomonas phage Ep017, complete genome",0.0102
"UNVERIFIED: Pseudomonas phage Ep020, complete genome",0.0102
"UNVERIFIED: Pseudomonas phage Ep022, complete genome",0.0102
"UNVERIFIED: Pseudomonas phage GX_PA_BBO1, complete genome",0.0408
"UNVERIFIED: Pseudomonas phage PA-319, complete genome",0.0408
"UNVERIFIED: Pseudomonas phage PA-575, complete genome",0.0408
"UNVERIFIED: Pseudomonas phage PA-711, complete genome",0.0408
"UNVERIFIED: Pseudomonas phage PA3Z1, complete genome",0.0408
"UNVERIFIED: Pseudomonas phage PAYQ66, complete genome",0.0408
"UNVERIFIED: Pseudomonas phage ph9027, complete genome",0.0408
"UNVERIFIED: Pseudomonas phage vB_pae_dh1, complete genome",0.0408
"UNVERIFIED: Pseudomonass phage ph1461, complete genome",0.0408
"UNVERIFIED: Salmonella phage H31, complete genome",0.0408
"UNVERIFIED: Salmonella phage KIT07, complete genome",0.0408
"UNVERIFIED: Salmonella phage VB-SalS-XND03, complete genome",0.0408
"UNVERIFIED: Staphylococcus phage NODE_1, complete genome",0.0408
"UNVERIFIED: Xanthomonas phage Ep026, complete genome",0.0102
"UNVERIFIED: Xanthomonas phage Ep027, complete genome",0.0102
"UNVERIFIED: Xanthomonas phage Ep028, complete genome",0.0102
"UNVERIFIED: Xanthomonas phage Ep029, complete genome",0.0102
"UNVERIFIED: Xanthomonas phage N1, complete genome",0.0204
"UNVERIFIED: Xanthomonas phage N3, complete genome",0.0204
"UNVERIFIED: Xanthomonas phage NUT11, complete genome",0.0102
"UNVERIFIED: Xanthomonas phage NUT13, complete genome",0.0102
"UNVERIFIED: Xanthomonas phage NUT20, complete genome",0.0102
"UNVERIFIED: Xanthomonas phage NUT29, complete genome",0.0102
"UNVERIFIED: Xanthomonas phage NUT3, complete genome",0.0102
"UNVERIFIED: Xanthomonas phage NUT30, complete genome",0.0102
"UNVERIFIED: Xanthomonas phage NUT4, complete genome",0.0102
"UNVERIFIED_ORG: Xanthomonas phage Xoo-sp15, complete genome",0.0204
"Vibrio phage SHOU24, complete genome",0.0102
"Vibrio phage VHML, complete genome",0.0408
"Wbetavirus gamma53 isolate 53, complete genome",0.0408
"Xanthomonas citri phage CP2 DNA, complete genome",0.0102
"Xanthomonas phage 10KY502B, complete genome",0.0102
"Xanthomonas phage AhaSv, complete genome",0.0204
"Xanthomonas phage Alcala, complete genome",0.0102
"Xanthomonas phage BUDD, complete genome",0.0102
"Xanthomonas phage Bolivar, complete genome",0.0102
"Xanthomonas phage BsXeu269p/3, complete genome",0.0102
"Xanthomonas phage CP1 DNA, complete genome",0.0102
"Xanthomonas phage Carill600, complete genome",0.0102
"Xanthomonas phage Carpasina, complete genome",0.0102
"Xanthomonas phage DES1, complete genome",0.0102
"Xanthomonas phage DMF5-T1, complete genome",0.0102
"Xanthomonas phage Elanor, complete genome",0.0102
"Xanthomonas phage F5, complete genome",0.0102
"Xanthomonas phage FMYAK-P1, complete genome",0.0102
"Xanthomonas phage FoX1, complete genome",0.0204
"Xanthomonas phage FoX2, complete genome",0.0204
"Xanthomonas phage FoX3, complete genome",0.0204
"Xanthomonas phage FoX4, complete genome",0.0204
"Xanthomonas phage FoX5, complete genome",0.0204
"Xanthomonas phage FoX6, complete genome",0.0204
"Xanthomonas phage FoX7, complete genome",0.0204
"Xanthomonas phage Fontebon, complete genome",0.0102
"Xanthomonas phage GF1, complete genome",0.0102
"Xanthomonas phage GF2, complete genome",0.0102
"Xanthomonas phage GJKY_A, complete genome",0.0102
"Xanthomonas phage HXX_Dennis, complete genome",0.0102
"Xanthomonas phage JGB6, complete genome",0.0102
"Xanthomonas phage Jill608, complete genome",0.0102
"Xanthomonas phage Juel629, complete genome",0.0102
"Xanthomonas phage KPhi1, complete genome",0.0102
"Xanthomonas phage Kintu, complete genome",0.0102
"Xanthomonas phage L13.2, complete genome",0.0102
"Xanthomonas phage L5.2, complete genome",0.0102
"Xanthomonas phage L522, complete genome",0.0204
"Xanthomonas phage Langgrundblatt1, complete genome",0.0102
"Xanthomonas phage Langgrundblatt2, complete genome",0.0102
"Xanthomonas phage Laurelin, complete genome",0.0102
"Xanthomonas phage M29, complete genome",0.0204
"Xanthomonas phage MET13-T1, complete genome",0.0102
"Xanthomonas phage MK21, complete genome",0.0102
"Xanthomonas phage MUD8-T1, complete genome",0.0102
"Xanthomonas phage MYK3, complete genome",0.0102
"Xanthomonas phage Mallos, complete genome",0.0102
"Xanthomonas phage Murka, complete genome",0.0204
"Xanthomonas phage NEB7, complete genome",0.0102
"Xanthomonas phage NED111, complete genome",0.0102
"Xanthomonas phage NP1, complete genome",0.0204
"Xanthomonas phage Olaya, complete genome",0.0102
"Xanthomonas phage P-XH, complete genome",0.0102
"Xanthomonas phage P4, complete genome",0.0102
"Xanthomonas phage PBR31, complete genome",0.0204
"Xanthomonas phage Pagan, complete genome",0.0102
"Xanthomonas phage Pfeifenkraut, complete genome",0.0102
"Xanthomonas phage PhiXhv-1, complete genome",0.0102
"Xanthomonas phage PhiXhv-12, complete genome",0.0102
"Xanthomonas phage PhiXhv-15, complete genome",0.0102
"Xanthomonas phage PhiXhv-16, complete genome",0.0102
"Xanthomonas phage PhiXhv-18, complete genome",0.0102
"Xanthomonas phage PhiXhv-2, complete genome",0.0102
"Xanthomonas phage PhiXhv-28, complete genome",0.0102
"Xanthomonas phage PhiXhv-5, complete genome",0.0102
"Xanthomonas phage PhiXhv-7, complete genome",0.0102
"Xanthomonas phage R3-22-T1, complete genome",0.0102
"Xanthomonas phage RTH11, complete genome",0.0102
"Xanthomonas phage RiverRider, complete genome",0.0102
"Xanthomonas phage S3, complete genome",0.0102
"Xanthomonas phage SAC, complete genome",0.0102
"Xanthomonas phage SB1, complete genome",0.0102
"Xanthomonas phage SB3, complete genome",0.0102
"Xanthomonas phage SB4, complete genome",0.0102
"Xanthomonas phage SU1, complete genome",0.0204
"Xanthomonas phage Samson, complete genome",0.0102
"Xanthomonas phage Soumapaz, complete genome",0.0102
"Xanthomonas phage Usaquen, complete genome",0.0102
"Xanthomonas phage Valrath, complete genome",0.0102
"Xanthomonas phage X1, complete genome",0.0204
"Xanthomonas phage X2, complete genome",0.0204
"Xanthomonas phage XAJ2, complete genome",0.0102
"Xanthomonas phage XAJ24, complete genome",0.0102
"Xanthomonas phage XAP-2, complete genome",0.0102
"Xanthomonas phage XAP3, complete genome",0.0102
"Xanthomonas phage XOPW, complete genome",0.0102
"Xanthomonas phage XPP1, complete genome",0.0204
"Xanthomonas phage XPP2, complete genome",0.0204
"Xanthomonas phage XPP3, complete genome",0.0204
"Xanthomonas phage XPP4, complete genome",0.0204
"Xanthomonas phage XPP6, complete genome",0.0204
"Xanthomonas phage XPP8, complete genome",0.0204
"Xanthomonas phage XPP9, complete genome",0.0204
"Xanthomonas phage XPV1, complete genome",0.0204
"Xanthomonas phage XPV2, complete genome",0.0204
"Xanthomonas phage XPV3, complete genome",0.0204
"Xanthomonas phage XaC1, complete genome",0.0102
"Xanthomonas phage Xaa_vB_phi31, complete genome",0.0102
"Xanthomonas phage XacN1 DNA, complete genome",0.0102
"Xanthomonas phage XapPhi1, complete genome",0.0102
"Xanthomonas phage XapPhi10, complete genome",0.0102
"Xanthomonas phage XapPhi11, complete genome",0.0102
"Xanthomonas phage XapPhi12, complete genome",0.0102
"Xanthomonas phage XapPhi13, complete genome",0.0102
"Xanthomonas phage XapPhi14, complete genome",0.0102
"Xanthomonas phage XapPhi15, complete genome",0.0102
"Xanthomonas phage XapPhi16, complete genome",0.0102
"Xanthomonas phage XapPhi17, complete genome",0.0102
"Xanthomonas phage XapPhi2, complete genome",0.0102
"Xanthomonas phage XapPhi3, complete genome",0.0102
"Xanthomonas phage XapPhi4, complete genome",0.0102
"Xanthomonas phage XapPhi5, complete genome",0.0102
"Xanthomonas phage XapPhi6, complete genome",0.0102
"Xanthomonas phage XapPhi7, complete genome",0.0102
"Xanthomonas phage XapPhi8, complete genome",0.0102
"Xanthomonas phage XapPhi9, complete genome",0.0102
"Xanthomonas phage XbC2, complete genome",0.0102
"Xanthomonas phage XcP1, complete genome",0.0204
"Xanthomonas phage Xoo-sp13, complete genome",0.0204
"Xanthomonas phage Xoo-sp14, complete genome",0.0204
"Xanthomonas phage Xoo-sp2, complete genome",0.0204
"Xanthomonas phage Xop411, complete genome",0.0102
"Xanthomonas phage Xp10, complete genome",0.0102
"Xanthomonas phage Xp12, complete genome",0.0102
"Xanthomonas phage Xp15, complete genome",0.0102
"Xanthomonas phage ZP3, complete genome",0.0204
"Xanthomonas phage f20-Xaj, complete genome",0.0102
"Xanthomonas phage f30-Xaj, complete genome",0.0102
"Xanthomonas phage fSU1, complete genome",0.0204
"Xanthomonas phage pXoo2106, complete genome",0.0204
"Xanthomonas phage pXoo2107, complete genome",0.0204
"Xanthomonas phage phi Xc10, complete genome",0.0102
"Xanthomonas phage phiL7, complete genome",0.0204
"Xanthomonas phage phiXF1, complete genome",0.0204
"Xanthomonas phage phiXacJX1, complete genome",0.0102
"Xanthomonas phage vB_XORNC02, complete genome",0.0102
"Xanthomonas phage vB_Xar_IVIA-DoCa1, complete genome",0.0102
"Xanthomonas phage vB_Xar_IVIA-DoCa10, complete genome",0.0102
"Xanthomonas phage vB_Xar_IVIA-DoCa11, complete genome",0.0102
"Xanthomonas phage vB_Xar_IVIA-DoCa2, complete genome",0.0102
"Xanthomonas phage vB_Xar_IVIA-DoCa3, complete genome",0.0102
"Xanthomonas phage vB_Xar_IVIA-DoCa4, complete genome",0.0102
"Xanthomonas phage vB_Xar_IVIA-DoCa5, complete genome",0.0102
"Xanthomonas phage vB_Xar_IVIA-DoCa6, complete genome",0.0102
"Xanthomonas phage vB_Xar_IVIA-DoCa7, complete genome",0.0102
"Xanthomonas phage vB_Xar_IVIA-DoCa8, complete genome",0.0102
"Xanthomonas phage vB_Xar_IVIA-DoCa9, complete genome",0.0102
"Xanthomonas phage vB_Xcc_GYRb1, complete genome",0.0204
"Xanthomonas phage vB_XciM_LucasX, complete genome",0.0102
"Xanthomonas phage vB_XeuM-YB23, complete genome",0.0102
"Xanthomonas phage vB_XooS_NR08, complete genome",0.0204
"Xanthomonas phage vB_Xoo_AQ1, complete genome",0.0204
"Xanthomonas phage vB_Xoo_CZ1, complete genome",0.0204
"Xanthomonas phage vB_Xoo_CZ2, complete genome",0.0204
"Xanthomonas phage vB_Xoo_FJ1, complete genome",0.0204
"Xanthomonas phage vB_Xoo_GDJ1, complete genome",0.0204
"Xanthomonas phage vB_Xoo_GDJ2, complete genome",0.0204
"Xanthomonas phage vB_Xoo_GDJ3, complete genome",0.0204
"Xanthomonas phage vB_Xoo_GX1, complete genome",0.0204
"Xanthomonas phage vB_Xoo_GX2, complete genome",0.0204
"Xanthomonas phage vB_Xoo_GX3, complete genome",0.0204
"Xanthomonas phage vB_Xoo_GXB, complete genome",0.0204
"Xanthomonas phage vB_Xoo_GXBLN, complete genome",0.0204
"Xanthomonas phage vB_Xoo_GXJS, complete genome",0.0204
"Xanthomonas phage vB_Xoo_GXN, complete genome",0.0204
"Xanthomonas phage vB_Xoo_JH1, complete genome",0.0204
"Xanthomonas phage vB_Xoo_JL1LN, complete genome",0.0204
"Xanthomonas phage vB_Xoo_JL4LN, complete genome",0.0204
"Xanthomonas phage vB_Xoo_JL5LN, complete genome",0.0204
"Xanthomonas phage vB_Xoo_JLGD, complete genome",0.0204
"Xanthomonas phage vB_Xoo_JLH1, complete genome",0.0204
"Xanthomonas phage vB_Xoo_JLP2, complete genome",0.0204
"Xanthomonas phage vB_Xoo_JLP4, complete genome",0.0204
"Xanthomonas phage vB_Xoo_JLP5, complete genome",0.0204
"Xanthomonas phage vB_Xoo_NB1, complete genome",0.0204
"Xanthomonas phage vB_Xoo_NBW, complete genome",0.0204
"Xanthomonas phage vB_Xoo_QZ143, complete genome",0.0204
"Xanthomonas phage vB_Xoo_QZ531, complete genome",0.0204
"Xanthomonas phage vB_Xoo_QZ532, complete genome",0.0204
"Xanthomonas phage vB_Xoo_QZX, complete genome",0.0204
"Xanthomonas phage vB_Xoo_TZ1, complete genome",0.0204
"Xanthomonas phage vB_XveM_DIBBI, complete genome",0.0102
"Xanthomonas phage vXeeB-P10B, complete genome",0.0102
"Xanthomonas phage vXeeB-P14B, complete genome",0.0102
"Xanthomonas phage vXeeB-P4A, complete genome",0.0102
"Xanthomonas phage vXeeB-P8B, complete genome",0.0102
"Xanthomonas phage vXeeB-W18B, complete genome",0.0102
"Xanthomonas virus phiXaf18, complete genome",0.0102
"Xylella phage MATE2, complete genome",0.0408
"Xylella phage Patu, complete genome",0.0408
"Xylella phage Paz, complete genome",0.0510
"Xylella phage Pico, complete genome",0.0408
"Xylella phage Porto, complete genome",0.0408
"Xylella phage Prado, complete genome",0.0510
"Xylella phage Xfas53, complete genome",0.0408
"Xylella phage vB_Xf_IVIA-DoCa15, complete genome",0.0408
"Xylella phage vB_Xf_IVIA-DoCa18, complete genome",0.0408
"Xylella phage vB_Xf_IVIA-DoCa19, complete genome",0.0408
"Xylella phage vB_Xf_IVIA-DoCa21, complete genome",0.0408
