accession,status,filename,note
PX408739.1,success,phage_genomes/PX408739.1.fasta,43100 bp
PX408738.1,success,phage_genomes/PX408738.1.fasta,93995 bp
PX408737.1,success,phage_genomes/PX408737.1.fasta,288866 bp
PZ019803.1,success,phage_genomes/PZ019803.1.fasta,47424 bp
PZ019802.1,success,phage_genomes/PZ019802.1.fasta,47410 bp
PZ019801.1,success,phage_genomes/PZ019801.1.fasta,47421 bp
PZ019800.1,success,phage_genomes/PZ019800.1.fasta,47424 bp
PZ019799.1,success,phage_genomes/PZ019799.1.fasta,47892 bp
PX997083.1,success,phage_genomes/PX997083.1.fasta,42942 bp
PQ569993.1,success,phage_genomes/PQ569993.1.fasta,91478 bp
PX630741.1,success,phage_genomes/PX630741.1.fasta,44850 bp
PX630740.1,success,phage_genomes/PX630740.1.fasta,45121 bp
PX630739.1,success,phage_genomes/PX630739.1.fasta,45101 bp
PX630738.1,success,phage_genomes/PX630738.1.fasta,45165 bp
PX630737.1,success,phage_genomes/PX630737.1.fasta,45142 bp
PX630736.1,success,phage_genomes/PX630736.1.fasta,45165 bp
PX630735.1,success,phage_genomes/PX630735.1.fasta,45805 bp
PX630734.1,success,phage_genomes/PX630734.1.fasta,45119 bp
PX630733.1,success,phage_genomes/PX630733.1.fasta,45678 bp
PX630732.1,success,phage_genomes/PX630732.1.fasta,45121 bp
PX630731.1,success,phage_genomes/PX630731.1.fasta,45121 bp
PX682330.1,success,phage_genomes/PX682330.1.fasta,46935 bp
PX682329.1,success,phage_genomes/PX682329.1.fasta,46926 bp
PX682328.1,success,phage_genomes/PX682328.1.fasta,45661 bp
PX682327.1,success,phage_genomes/PX682327.1.fasta,46024 bp
PX682324.1,success,phage_genomes/PX682324.1.fasta,44934 bp
PX682323.1,success,phage_genomes/PX682323.1.fasta,46745 bp
PX682322.1,success,phage_genomes/PX682322.1.fasta,44718 bp
PX682321.1,success,phage_genomes/PX682321.1.fasta,43218 bp
PX682320.1,success,phage_genomes/PX682320.1.fasta,44811 bp
PX682319.1,success,phage_genomes/PX682319.1.fasta,46120 bp
PX682318.1,success,phage_genomes/PX682318.1.fasta,45721 bp
PX682317.1,success,phage_genomes/PX682317.1.fasta,44555 bp
PX682316.1,success,phage_genomes/PX682316.1.fasta,44811 bp
PX682315.1,success,phage_genomes/PX682315.1.fasta,46119 bp
PX682314.1,success,phage_genomes/PX682314.1.fasta,43967 bp
PX682313.1,success,phage_genomes/PX682313.1.fasta,44381 bp
PX682312.1,success,phage_genomes/PX682312.1.fasta,44139 bp
PX682311.1,success,phage_genomes/PX682311.1.fasta,43916 bp
PX682310.1,success,phage_genomes/PX682310.1.fasta,44681 bp
PX682309.1,success,phage_genomes/PX682309.1.fasta,44555 bp
PX682308.1,success,phage_genomes/PX682308.1.fasta,44507 bp
PX682307.1,success,phage_genomes/PX682307.1.fasta,46168 bp
PX682306.1,success,phage_genomes/PX682306.1.fasta,46142 bp
PX682305.1,success,phage_genomes/PX682305.1.fasta,42448 bp
PX682304.1,success,phage_genomes/PX682304.1.fasta,44733 bp
PX682303.1,success,phage_genomes/PX682303.1.fasta,45818 bp
PX682302.1,success,phage_genomes/PX682302.1.fasta,44862 bp
PX682301.1,success,phage_genomes/PX682301.1.fasta,42506 bp
PX682300.1,success,phage_genomes/PX682300.1.fasta,43813 bp
PX682299.1,success,phage_genomes/PX682299.1.fasta,43353 bp
PX444441.1,success,phage_genomes/PX444441.1.fasta,45675 bp
OP413789.1,success,phage_genomes/OP413789.1.fasta,44713 bp
PX530551.1,success,phage_genomes/PX530551.1.fasta,42184 bp
PX310626.1,success,phage_genomes/PX310626.1.fasta,62551 bp
NC_128954.1,success,phage_genomes/NC_128954.1.fasta,49241 bp
PP431385.1,success,phage_genomes/PP431385.1.fasta,16361 bp
PV764603.1,success,phage_genomes/PV764603.1.fasta,229154 bp
PV764602.1,success,phage_genomes/PV764602.1.fasta,228725 bp
PV764601.1,success,phage_genomes/PV764601.1.fasta,227648 bp
PV764600.1,success,phage_genomes/PV764600.1.fasta,47821 bp
PV764599.1,success,phage_genomes/PV764599.1.fasta,46786 bp
PV764598.1,success,phage_genomes/PV764598.1.fasta,47720 bp
PV037726.1,success,phage_genomes/PV037726.1.fasta,43817 bp
PV754127.1,success,phage_genomes/PV754127.1.fasta,46883 bp
PV702347.1,success,phage_genomes/PV702347.1.fasta,47229 bp
PV506377.1,success,phage_genomes/PV506377.1.fasta,46608 bp
PV408261.1,success,phage_genomes/PV408261.1.fasta,46109 bp
PQ571296.1,success,phage_genomes/PQ571296.1.fasta,43668 bp
PQ571276.1,success,phage_genomes/PQ571276.1.fasta,57510 bp
PQ571275.1,success,phage_genomes/PQ571275.1.fasta,57555 bp
PP475461.1,success,phage_genomes/PP475461.1.fasta,113538 bp
PP391664.1,success,phage_genomes/PP391664.1.fasta,45571 bp
PP391663.1,success,phage_genomes/PP391663.1.fasta,45529 bp
PP391662.1,success,phage_genomes/PP391662.1.fasta,45675 bp
PP391661.1,success,phage_genomes/PP391661.1.fasta,45532 bp
PP391660.1,success,phage_genomes/PP391660.1.fasta,44959 bp
PP391659.1,success,phage_genomes/PP391659.1.fasta,44947 bp
PV012638.1,success,phage_genomes/PV012638.1.fasta,43900 bp
PQ476032.1,success,phage_genomes/PQ476032.1.fasta,44403 bp
OQ446487.1,success,phage_genomes/OQ446487.1.fasta,44389 bp
OQ446486.1,success,phage_genomes/OQ446486.1.fasta,44388 bp
OQ446484.1,success,phage_genomes/OQ446484.1.fasta,43993 bp
OQ446483.1,success,phage_genomes/OQ446483.1.fasta,44389 bp
PQ093899.1,success,phage_genomes/PQ093899.1.fasta,41106 bp
PQ067315.1,success,phage_genomes/PQ067315.1.fasta,10956 bp
PP780467.1,success,phage_genomes/PP780467.1.fasta,43506 bp
OQ446488.1,success,phage_genomes/OQ446488.1.fasta,44145 bp
OQ446485.1,success,phage_genomes/OQ446485.1.fasta,42331 bp
OQ435241.1,success,phage_genomes/OQ435241.1.fasta,44389 bp
PP179329.1,success,phage_genomes/PP179329.1.fasta,45336 bp
PP179328.1,success,phage_genomes/PP179328.1.fasta,45363 bp
PP179327.1,success,phage_genomes/PP179327.1.fasta,44995 bp
PP179325.1,success,phage_genomes/PP179325.1.fasta,91577 bp
PP179318.1,success,phage_genomes/PP179318.1.fasta,112436 bp
PP756300.1,success,phage_genomes/PP756300.1.fasta,63787 bp
PP566124.1,success,phage_genomes/PP566124.1.fasta,40246 bp
OQ603356.1,success,phage_genomes/OQ603356.1.fasta,64119 bp
OQ603355.1,success,phage_genomes/OQ603355.1.fasta,42944 bp
OQ603354.1,success,phage_genomes/OQ603354.1.fasta,44425 bp
OQ603353.1,success,phage_genomes/OQ603353.1.fasta,227420 bp
OQ603352.1,success,phage_genomes/OQ603352.1.fasta,40665 bp
OQ603351.1,success,phage_genomes/OQ603351.1.fasta,98129 bp
OQ603350.1,success,phage_genomes/OQ603350.1.fasta,40570 bp
OQ603349.1,success,phage_genomes/OQ603349.1.fasta,41236 bp
PP079418.1,success,phage_genomes/PP079418.1.fasta,46423 bp
PP079417.1,success,phage_genomes/PP079417.1.fasta,43747 bp
PP079416.1,success,phage_genomes/PP079416.1.fasta,43103 bp
PP079415.1,success,phage_genomes/PP079415.1.fasta,44323 bp
PP079414.1,success,phage_genomes/PP079414.1.fasta,43093 bp
PP079413.1,success,phage_genomes/PP079413.1.fasta,43983 bp
PP313117.1,success,phage_genomes/PP313117.1.fasta,48985 bp
OR842880.1,success,phage_genomes/OR842880.1.fasta,45142 bp
OR997970.1,success,phage_genomes/OR997970.1.fasta,40850 bp
OR997969.1,success,phage_genomes/OR997969.1.fasta,46051 bp
OR820514.1,success,phage_genomes/OR820514.1.fasta,55576 bp
OQ055246.1,success,phage_genomes/OQ055246.1.fasta,98812 bp
OR966858.1,success,phage_genomes/OR966858.1.fasta,43329 bp
OR122686.1,success,phage_genomes/OR122686.1.fasta,41337 bp
OP548052.1,success,phage_genomes/OP548052.1.fasta,44424 bp
OQ756160.1,success,phage_genomes/OQ756160.1.fasta,61032 bp
OR500351.1,success,phage_genomes/OR500351.1.fasta,44044 bp
OR258281.1,success,phage_genomes/OR258281.1.fasta,348967 bp
OQ790161.1,success,phage_genomes/OQ790161.1.fasta,312199 bp
OQ676962.1,success,phage_genomes/OQ676962.1.fasta,45241 bp
OQ622092.1,success,phage_genomes/OQ622092.1.fasta,43262 bp
NC_073205.1,success,phage_genomes/NC_073205.1.fasta,42600 bp
NC_073095.1,success,phage_genomes/NC_073095.1.fasta,43791 bp
NC_073094.1,success,phage_genomes/NC_073094.1.fasta,44768 bp
NC_073093.1,success,phage_genomes/NC_073093.1.fasta,44239 bp
NC_073036.1,success,phage_genomes/NC_073036.1.fasta,64024 bp
NC_073035.1,success,phage_genomes/NC_073035.1.fasta,62951 bp
NC_073033.1,success,phage_genomes/NC_073033.1.fasta,63783 bp
NC_073032.1,success,phage_genomes/NC_073032.1.fasta,64088 bp
NC_073030.1,success,phage_genomes/NC_073030.1.fasta,59242 bp
NC_073029.1,success,phage_genomes/NC_073029.1.fasta,62341 bp
NC_073026.1,success,phage_genomes/NC_073026.1.fasta,56408 bp
OQ436456.1,success,phage_genomes/OQ436456.1.fasta,106569 bp
NC_072499.1,success,phage_genomes/NC_072499.1.fasta,58107 bp
OQ427096.1,success,phage_genomes/OQ427096.1.fasta,200058 bp
ON960072.2,success,phage_genomes/ON960072.2.fasta,43713 bp
NC_069745.1,success,phage_genomes/NC_069745.1.fasta,43553 bp
NC_069744.1,success,phage_genomes/NC_069744.1.fasta,43314 bp
ON189046.1,success,phage_genomes/ON189046.1.fasta,40498 bp
MW435566.1,success,phage_genomes/MW435566.1.fasta,45966 bp
OP948730.1,success,phage_genomes/OP948730.1.fasta,44497 bp
NC_055839.1,success,phage_genomes/NC_055839.1.fasta,60418 bp
NC_055838.1,success,phage_genomes/NC_055838.1.fasta,43872 bp
NC_055837.1,success,phage_genomes/NC_055837.1.fasta,44153 bp
NC_055836.1,success,phage_genomes/NC_055836.1.fasta,44086 bp
NC_055835.1,success,phage_genomes/NC_055835.1.fasta,44763 bp
NC_054461.1,success,phage_genomes/NC_054461.1.fasta,47407 bp
NC_048147.1,success,phage_genomes/NC_048147.1.fasta,61830 bp
NC_027989.1,success,phage_genomes/NC_027989.1.fasta,53237 bp
NC_019933.2,success,phage_genomes/NC_019933.2.fasta,43870 bp
NC_015464.1,success,phage_genomes/NC_015464.1.fasta,135041 bp
NC_009543.1,success,phage_genomes/NC_009543.1.fasta,44520 bp
NC_007709.1,success,phage_genomes/NC_007709.1.fasta,43785 bp
NC_004902.1,success,phage_genomes/NC_004902.1.fasta,44373 bp
NC_069155.1,success,phage_genomes/NC_069155.1.fasta,39799 bp
NC_054459.1,success,phage_genomes/NC_054459.1.fasta,46503 bp
NC_054458.1,success,phage_genomes/NC_054458.1.fasta,46195 bp
NC_048751.1,success,phage_genomes/NC_048751.1.fasta,74710 bp
NC_048703.1,success,phage_genomes/NC_048703.1.fasta,76335 bp
NC_048137.1,success,phage_genomes/NC_048137.1.fasta,51170 bp
NC_047962.1,success,phage_genomes/NC_047962.1.fasta,61939 bp
NC_047840.1,success,phage_genomes/NC_047840.1.fasta,44597 bp
NC_054460.1,success,phage_genomes/NC_054460.1.fasta,46077 bp
NC_052966.1,success,phage_genomes/NC_052966.1.fasta,60497 bp
NC_047762.1,success,phage_genomes/NC_047762.1.fasta,44862 bp
NC_030937.1,success,phage_genomes/NC_030937.1.fasta,44262 bp
NC_030928.1,success,phage_genomes/NC_030928.1.fasta,43851 bp
NC_042345.1,success,phage_genomes/NC_042345.1.fasta,55601 bp
NC_042344.1,success,phage_genomes/NC_042344.1.fasta,56147 bp
NC_031280.1,success,phage_genomes/NC_031280.1.fasta,104906 bp
NC_029075.1,success,phage_genomes/NC_029075.1.fasta,81541 bp
NC_024793.1,success,phage_genomes/NC_024793.1.fasta,46847 bp
NC_024789.1,success,phage_genomes/NC_024789.1.fasta,45746 bp
NC_024784.1,success,phage_genomes/NC_024784.1.fasta,46440 bp
NC_023569.1,success,phage_genomes/NC_023569.1.fasta,77837 bp
NC_023556.1,success,phage_genomes/NC_023556.1.fasta,72329 bp
NC_009232.2,success,phage_genomes/NC_009232.2.fasta,42572 bp
NC_022987.1,success,phage_genomes/NC_022987.1.fasta,43940 bp
NC_022982.1,success,phage_genomes/NC_022982.1.fasta,43869 bp
NC_021777.1,success,phage_genomes/NC_021777.1.fasta,43447 bp
NC_021532.1,success,phage_genomes/NC_021532.1.fasta,103910 bp
NC_020205.1,success,phage_genomes/NC_020205.1.fasta,42963 bp
NC_020201.1,success,phage_genomes/NC_020201.1.fasta,142349 bp
NC_019520.1,success,phage_genomes/NC_019520.1.fasta,42608 bp
NC_019401.1,success,phage_genomes/NC_019401.1.fasta,358663 bp
NC_017981.1,success,phage_genomes/NC_017981.1.fasta,49981 bp
NC_016071.1,success,phage_genomes/NC_016071.1.fasta,145964 bp
NC_014663.1,success,phage_genomes/NC_014663.1.fasta,169947 bp
NC_013693.1,success,phage_genomes/NC_013693.1.fasta,158006 bp
NC_013697.1,success,phage_genomes/NC_013697.1.fasta,157486 bp
NC_012742.1,success,phage_genomes/NC_012742.1.fasta,44080 bp
NC_011811.1,success,phage_genomes/NC_011811.1.fasta,84576 bp
NC_007710.1,success,phage_genomes/NC_007710.1.fasta,46643 bp
NC_007024.1,success,phage_genomes/NC_007024.1.fasta,55770 bp
NC_005857.1,success,phage_genomes/NC_005857.1.fasta,51601 bp
OP583595.1,success,phage_genomes/OP583595.1.fasta,45224 bp
OP583594.1,success,phage_genomes/OP583594.1.fasta,44329 bp
OP583593.1,success,phage_genomes/OP583593.1.fasta,42522 bp
OP583592.1,success,phage_genomes/OP583592.1.fasta,45223 bp
OP583591.1,success,phage_genomes/OP583591.1.fasta,44616 bp
AB720063.2,success,phage_genomes/AB720063.2.fasta,43870 bp
AP008979.1,success,phage_genomes/AP008979.1.fasta,43785 bp
ON911540.2,success,phage_genomes/ON911540.2.fasta,58107 bp
ON911539.2,success,phage_genomes/ON911539.2.fasta,42857 bp
ON911538.2,success,phage_genomes/ON911538.2.fasta,43553 bp
OP292654.1,success,phage_genomes/OP292654.1.fasta,367901 bp
ON932085.1,success,phage_genomes/ON932085.1.fasta,43025 bp
ON932084.1,success,phage_genomes/ON932084.1.fasta,64024 bp
ON932083.1,success,phage_genomes/ON932083.1.fasta,43240 bp
ON932082.1,success,phage_genomes/ON932082.1.fasta,43697 bp
ON932081.1,success,phage_genomes/ON932081.1.fasta,42881 bp
ON932080.1,success,phage_genomes/ON932080.1.fasta,62951 bp
ON932079.1,success,phage_genomes/ON932079.1.fasta,56408 bp
ON932078.1,success,phage_genomes/ON932078.1.fasta,43007 bp
ON996340.1,success,phage_genomes/ON996340.1.fasta,46280 bp
OP067662.1,success,phage_genomes/OP067662.1.fasta,46052 bp
ON711490.1,success,phage_genomes/ON711490.1.fasta,44623 bp
ON758385.1,success,phage_genomes/ON758385.1.fasta,199233 bp
ON189047.1,success,phage_genomes/ON189047.1.fasta,59242 bp
ON189048.1,success,phage_genomes/ON189048.1.fasta,55527 bp
ON189045.1,success,phage_genomes/ON189045.1.fasta,62341 bp
ON189044.1,success,phage_genomes/ON189044.1.fasta,43791 bp
ON189043.1,success,phage_genomes/ON189043.1.fasta,44768 bp
ON189042.1,success,phage_genomes/ON189042.1.fasta,44239 bp
MW825358.1,success,phage_genomes/MW825358.1.fasta,305651 bp
HM246720.1,success,phage_genomes/HM246720.1.fasta,53237 bp
MZ326867.1,success,phage_genomes/MZ326867.1.fasta,45678 bp
DQ777876.1,success,phage_genomes/DQ777876.1.fasta,44520 bp
AY299121.1,success,phage_genomes/AY299121.1.fasta,44373 bp
OK275495.1,success,phage_genomes/OK275495.1.fasta,45281 bp
OK275494.1,success,phage_genomes/OK275494.1.fasta,47500 bp
OK275493.1,success,phage_genomes/OK275493.1.fasta,63593 bp
OK275492.1,success,phage_genomes/OK275492.1.fasta,64088 bp
OK258140.1,success,phage_genomes/OK258140.1.fasta,45054 bp
OK258138.1,success,phage_genomes/OK258138.1.fasta,44322 bp
OL436139.1,success,phage_genomes/OL436139.1.fasta,42600 bp
MZ345003.1,success,phage_genomes/MZ345003.1.fasta,42891 bp
OK624832.1,success,phage_genomes/OK624832.1.fasta,64732 bp
OK913680.1,success,phage_genomes/OK913680.1.fasta,43010 bp
OK913679.1,success,phage_genomes/OK913679.1.fasta,42912 bp
GU296433.1,success,phage_genomes/GU296433.1.fasta,135041 bp
MN364664.1,success,phage_genomes/MN364664.1.fasta,157091 bp
MZ666966.1,success,phage_genomes/MZ666966.1.fasta,41152 bp
MZ666965.1,success,phage_genomes/MZ666965.1.fasta,38454 bp
MW822539.1,success,phage_genomes/MW822539.1.fasta,43818 bp
MW822538.1,success,phage_genomes/MW822538.1.fasta,43824 bp
MW822537.1,success,phage_genomes/MW822537.1.fasta,43741 bp
MW822536.1,success,phage_genomes/MW822536.1.fasta,43741 bp
MW822535.1,success,phage_genomes/MW822535.1.fasta,43782 bp
MW802488.1,success,phage_genomes/MW802488.1.fasta,43722 bp
MT951568.1,success,phage_genomes/MT951568.1.fasta,42825 bp
MT161385.1,success,phage_genomes/MT161385.1.fasta,60418 bp
MT161387.1,success,phage_genomes/MT161387.1.fasta,61010 bp
MT161386.1,success,phage_genomes/MT161386.1.fasta,61077 bp
MT161384.1,success,phage_genomes/MT161384.1.fasta,43872 bp
MT161383.1,success,phage_genomes/MT161383.1.fasta,44153 bp
MT161382.1,success,phage_genomes/MT161382.1.fasta,44086 bp
MT161381.1,success,phage_genomes/MT161381.1.fasta,44763 bp
MT653137.1,success,phage_genomes/MT653137.1.fasta,42781 bp
MW082583.1,success,phage_genomes/MW082583.1.fasta,39799 bp
MH191395.1,success,phage_genomes/MH191395.1.fasta,61830 bp
MT708549.1,success,phage_genomes/MT708549.1.fasta,68393 bp
MN304816.1,success,phage_genomes/MN304816.1.fasta,47505 bp
MT740307.1,success,phage_genomes/MT740307.1.fasta,98780 bp
MT939492.1,success,phage_genomes/MT939492.1.fasta,232104 bp
MT664984.1,success,phage_genomes/MT664984.1.fasta,63783 bp
MN047793.1,success,phage_genomes/MN047793.1.fasta,309023 bp
MK903278.1,success,phage_genomes/MK903278.1.fasta,44448 bp
MN062187.1,success,phage_genomes/MN062187.1.fasta,43314 bp
MT119766.1,success,phage_genomes/MT119766.1.fasta,39980 bp
MN461279.1,success,phage_genomes/MN461279.1.fasta,47407 bp
MG983743.2,success,phage_genomes/MG983743.2.fasta,76335 bp
MG944235.1,success,phage_genomes/MG944235.1.fasta,45969 bp
MG944232.1,success,phage_genomes/MG944232.1.fasta,46278 bp
MG944230.1,success,phage_genomes/MG944230.1.fasta,47397 bp
MG944227.1,success,phage_genomes/MG944227.1.fasta,46195 bp
GQ357915.1,success,phage_genomes/GQ357915.1.fasta,157486 bp
MG944236.1,success,phage_genomes/MG944236.1.fasta,47046 bp
MG944234.1,success,phage_genomes/MG944234.1.fasta,46503 bp
MG944233.1,success,phage_genomes/MG944233.1.fasta,48669 bp
MG944231.1,success,phage_genomes/MG944231.1.fasta,46281 bp
MG944229.1,success,phage_genomes/MG944229.1.fasta,49612 bp
MG944228.1,success,phage_genomes/MG944228.1.fasta,46480 bp
MK388689.1,success,phage_genomes/MK388689.1.fasta,74710 bp
MK095606.1,success,phage_genomes/MK095606.1.fasta,51170 bp
MK095605.1,success,phage_genomes/MK095605.1.fasta,46103 bp
KY210139.1,success,phage_genomes/KY210139.1.fasta,46077 bp
MH517022.1,success,phage_genomes/MH517022.1.fasta,143204 bp
MH059633.1,success,phage_genomes/MH059633.1.fasta,61939 bp
AP018399.1,success,phage_genomes/AP018399.1.fasta,384670 bp
MF375456.1,success,phage_genomes/MF375456.1.fasta,44597 bp
KX241618.1,success,phage_genomes/KX241618.1.fasta,60497 bp
KU197014.1,success,phage_genomes/KU197014.1.fasta,49241 bp
KU197013.1,success,phage_genomes/KU197013.1.fasta,44862 bp
KU595433.1,success,phage_genomes/KU595433.1.fasta,44262 bp
KU595432.1,success,phage_genomes/KU595432.1.fasta,43851 bp
KF626667.1,success,phage_genomes/KF626667.1.fasta,43940 bp
KF626666.1,success,phage_genomes/KF626666.1.fasta,43869 bp
JQ015307.1,success,phage_genomes/JQ015307.1.fasta,142349 bp
KJ628499.1,success,phage_genomes/KJ628499.1.fasta,104906 bp
AE017220.1,success,phage_genomes/AE017220.1.fasta,4755700 bp
KP202971.1,success,phage_genomes/KP202971.1.fasta,81541 bp
KF623293.1,success,phage_genomes/KF623293.1.fasta,77837 bp
KF771239.1,success,phage_genomes/KF771239.1.fasta,45746 bp
KF771238.1,success,phage_genomes/KF771238.1.fasta,46440 bp
KF771237.1,success,phage_genomes/KF771237.1.fasta,46847 bp
KF771236.1,success,phage_genomes/KF771236.1.fasta,46719 bp
JN882285.1,success,phage_genomes/JN882285.1.fasta,358663 bp
KF626668.1,success,phage_genomes/KF626668.1.fasta,55601 bp
KF626665.1,success,phage_genomes/KF626665.1.fasta,56147 bp
KF787095.1,success,phage_genomes/KF787095.1.fasta,72329 bp
KF787094.1,success,phage_genomes/KF787094.1.fasta,73659 bp
AB720064.1,success,phage_genomes/AB720064.1.fasta,42963 bp
EF177456.2,success,phage_genomes/EF177456.2.fasta,42572 bp
KF148055.1,success,phage_genomes/KF148055.1.fasta,43447 bp
KF005320.1,success,phage_genomes/KF005320.1.fasta,104036 bp
KF005319.1,success,phage_genomes/KF005319.1.fasta,100619 bp
KF005318.1,success,phage_genomes/KF005318.1.fasta,101724 bp
KF005317.1,success,phage_genomes/KF005317.1.fasta,103910 bp
JN022534.1,success,phage_genomes/JN022534.1.fasta,49981 bp
JN882298.1,success,phage_genomes/JN882298.1.fasta,42608 bp
GU070616.1,success,phage_genomes/GU070616.1.fasta,145964 bp
FJ373894.1,success,phage_genomes/FJ373894.1.fasta,158006 bp
HM004124.1,success,phage_genomes/HM004124.1.fasta,169947 bp
EU717894.1,success,phage_genomes/EU717894.1.fasta,44080 bp
AY986977.1,success,phage_genomes/AY986977.1.fasta,55770 bp
AY374448.1,success,phage_genomes/AY374448.1.fasta,51601 bp
EU710883.1,success,phage_genomes/EU710883.1.fasta,84576 bp
AP008986.1,success,phage_genomes/AP008986.1.fasta,46643 bp
PV156121.1,success,phage_genomes/PV156121.1.fasta,63966 bp
PZ099256.1,success,phage_genomes/PZ099256.1.fasta,62358 bp
PX963132.1,success,phage_genomes/PX963132.1.fasta,43287 bp
PX963130.1,success,phage_genomes/PX963130.1.fasta,62943 bp
PX963129.1,success,phage_genomes/PX963129.1.fasta,42740 bp
PX963128.1,success,phage_genomes/PX963128.1.fasta,108403 bp
PX963126.1,success,phage_genomes/PX963126.1.fasta,43064 bp
PX021331.1,success,phage_genomes/PX021331.1.fasta,62144 bp
PX872916.1,success,phage_genomes/PX872916.1.fasta,43145 bp
PX828564.1,success,phage_genomes/PX828564.1.fasta,56328 bp
PX828563.1,success,phage_genomes/PX828563.1.fasta,74828 bp
PX828562.1,success,phage_genomes/PX828562.1.fasta,74702 bp
PX828561.1,success,phage_genomes/PX828561.1.fasta,74828 bp
PX789330.1,success,phage_genomes/PX789330.1.fasta,44718 bp
PX725649.1,success,phage_genomes/PX725649.1.fasta,43111 bp
PX680748.1,success,phage_genomes/PX680748.1.fasta,75874 bp
PX680747.1,success,phage_genomes/PX680747.1.fasta,42418 bp
PX505723.1,success,phage_genomes/PX505723.1.fasta,157565 bp
PV714881.1,success,phage_genomes/PV714881.1.fasta,42920 bp
PV130726.1,success,phage_genomes/PV130726.1.fasta,62174 bp
PV130725.1,success,phage_genomes/PV130725.1.fasta,61843 bp
PV130724.1,success,phage_genomes/PV130724.1.fasta,159577 bp
PV130723.1,success,phage_genomes/PV130723.1.fasta,161129 bp
PQ358089.1,success,phage_genomes/PQ358089.1.fasta,25800 bp
PV224507.1,success,phage_genomes/PV224507.1.fasta,43055 bp
PQ498462.1,success,phage_genomes/PQ498462.1.fasta,49832 bp
PQ498461.1,success,phage_genomes/PQ498461.1.fasta,49832 bp
PQ498460.1,success,phage_genomes/PQ498460.1.fasta,42992 bp
PQ498459.1,success,phage_genomes/PQ498459.1.fasta,49832 bp
PQ498458.1,success,phage_genomes/PQ498458.1.fasta,49832 bp
PQ498457.1,success,phage_genomes/PQ498457.1.fasta,43112 bp
PQ498456.1,success,phage_genomes/PQ498456.1.fasta,43078 bp
PQ498455.1,success,phage_genomes/PQ498455.1.fasta,43071 bp
PQ498454.1,success,phage_genomes/PQ498454.1.fasta,43069 bp
PQ492162.1,success,phage_genomes/PQ492162.1.fasta,43073 bp
PQ492161.1,success,phage_genomes/PQ492161.1.fasta,42986 bp
PQ492160.1,success,phage_genomes/PQ492160.1.fasta,42994 bp
PQ492159.1,success,phage_genomes/PQ492159.1.fasta,42616 bp
PQ492158.1,success,phage_genomes/PQ492158.1.fasta,42616 bp
PQ492157.1,success,phage_genomes/PQ492157.1.fasta,49832 bp
PQ434693.1,success,phage_genomes/PQ434693.1.fasta,42758 bp
PQ434692.1,success,phage_genomes/PQ434692.1.fasta,108444 bp
PQ074228.1,success,phage_genomes/PQ074228.1.fasta,49832 bp
PP921744.1,success,phage_genomes/PP921744.1.fasta,43500 bp
PQ111865.1,success,phage_genomes/PQ111865.1.fasta,57752 bp
PP921743.1,success,phage_genomes/PP921743.1.fasta,44908 bp
PP932004.1,success,phage_genomes/PP932004.1.fasta,43085 bp
PP179326.1,success,phage_genomes/PP179326.1.fasta,46001 bp
PP747256.1,success,phage_genomes/PP747256.1.fasta,61398 bp
PP550502.1,success,phage_genomes/PP550502.1.fasta,61670 bp
PP554396.1,success,phage_genomes/PP554396.1.fasta,43504 bp
OP752703.1,success,phage_genomes/OP752703.1.fasta,319635 bp
OR729839.1,success,phage_genomes/OR729839.1.fasta,42956 bp
OR797046.1,success,phage_genomes/OR797046.1.fasta,40472 bp
OR797045.1,success,phage_genomes/OR797045.1.fasta,56562 bp
OR797044.1,success,phage_genomes/OR797044.1.fasta,64715 bp
OR797043.1,success,phage_genomes/OR797043.1.fasta,43183 bp
OR797042.1,success,phage_genomes/OR797042.1.fasta,66040 bp
OR797041.1,success,phage_genomes/OR797041.1.fasta,41867 bp
OR797040.1,success,phage_genomes/OR797040.1.fasta,159540 bp
MF988720.1,success,phage_genomes/MF988720.1.fasta,142204 bp
MZ611865.1,success,phage_genomes/MZ611865.1.fasta,44514 bp
OR838459.1,success,phage_genomes/OR838459.1.fasta,66322 bp
OR529409.1,success,phage_genomes/OR529409.1.fasta,252190 bp
OR529408.1,success,phage_genomes/OR529408.1.fasta,109117 bp
OR209256.1,success,phage_genomes/OR209256.1.fasta,43170 bp
MK580972.1,success,phage_genomes/MK580972.1.fasta,159862 bp
NC_013420.1,success,phage_genomes/NC_013420.1.fasta,90435 bp
NC_070951.1,success,phage_genomes/NC_070951.1.fasta,161350 bp
NC_073034.1,success,phage_genomes/NC_073034.1.fasta,63962 bp
PP895211.1,success,phage_genomes/PP895211.1.fasta,14913 bp
PP895210.1,success,phage_genomes/PP895210.1.fasta,14814 bp
PP895209.1,success,phage_genomes/PP895209.1.fasta,14900 bp
PP895208.1,success,phage_genomes/PP895208.1.fasta,14927 bp
PQ821741.1,success,phage_genomes/PQ821741.1.fasta,40867 bp
PX753199.1,success,phage_genomes/PX753199.1.fasta,44443 bp
PX753198.1,success,phage_genomes/PX753198.1.fasta,44199 bp
PX753197.1,success,phage_genomes/PX753197.1.fasta,44200 bp
PP816325.1,success,phage_genomes/PP816325.1.fasta,63695 bp
OQ818705.1,success,phage_genomes/OQ818705.1.fasta,74269 bp
NC_049463.1,success,phage_genomes/NC_049463.1.fasta,76239 bp
NC_006565.1,success,phage_genomes/NC_006565.1.fasta,131522 bp
NC_005178.1,success,phage_genomes/NC_005178.1.fasta,37611 bp
NC_003309.1,success,phage_genomes/NC_003309.1.fasta,53373 bp
NC_048771.1,success,phage_genomes/NC_048771.1.fasta,138690 bp
NC_005833.1,success,phage_genomes/NC_005833.1.fasta,48836 bp
NC_014765.1,success,phage_genomes/NC_014765.1.fasta,198519 bp
NC_013599.1,success,phage_genomes/NC_013599.1.fasta,36674 bp
NC_009603.1,success,phage_genomes/NC_009603.1.fasta,46365 bp
NC_004456.1,success,phage_genomes/NC_004456.1.fasta,43198 bp
NC_004313.1,success,phage_genomes/NC_004313.1.fasta,40149 bp
AY394005.1,success,phage_genomes/AY394005.1.fasta,37611 bp
AY682195.1,success,phage_genomes/AY682195.1.fasta,131522 bp
PZ232053.1,success,phage_genomes/PZ232053.1.fasta,42737 bp
PZ226540.1,success,phage_genomes/PZ226540.1.fasta,306406 bp
PZ226539.1,success,phage_genomes/PZ226539.1.fasta,93229 bp
PX951411.1,success,phage_genomes/PX951411.1.fasta,91497 bp
PX596716.1,success,phage_genomes/PX596716.1.fasta,94078 bp
PZ193109.1,success,phage_genomes/PZ193109.1.fasta,95597 bp
PX969074.1,success,phage_genomes/PX969074.1.fasta,45436 bp
PX969073.1,success,phage_genomes/PX969073.1.fasta,42708 bp
PX854772.1,success,phage_genomes/PX854772.1.fasta,41530 bp
PQ821891.1,success,phage_genomes/PQ821891.1.fasta,43400 bp
PX418226.1,success,phage_genomes/PX418226.1.fasta,93903 bp
PX418225.1,success,phage_genomes/PX418225.1.fasta,296135 bp
MZ089741.2,success,phage_genomes/MZ089741.2.fasta,61270 bp
OZ453044.1,success,phage_genomes/OZ453044.1.fasta,37543 bp
PZ122516.1,success,phage_genomes/PZ122516.1.fasta,93038 bp
PZ122515.1,success,phage_genomes/PZ122515.1.fasta,37401 bp
PZ053911.1,success,phage_genomes/PZ053911.1.fasta,66674 bp
PZ053910.1,success,phage_genomes/PZ053910.1.fasta,63571 bp
PX963124.1,success,phage_genomes/PX963124.1.fasta,42329 bp
PX963123.1,success,phage_genomes/PX963123.1.fasta,50082 bp
PZ005745.1,success,phage_genomes/PZ005745.1.fasta,280880 bp
PX433293.1,success,phage_genomes/PX433293.1.fasta,43257 bp
PX260327.1,success,phage_genomes/PX260327.1.fasta,45863 bp
PX725670.1,success,phage_genomes/PX725670.1.fasta,92810 bp
PZ055576.1,success,phage_genomes/PZ055576.1.fasta,40433 bp
PZ055575.1,success,phage_genomes/PZ055575.1.fasta,40203 bp
PZ055574.1,success,phage_genomes/PZ055574.1.fasta,40279 bp
PZ055573.1,success,phage_genomes/PZ055573.1.fasta,40731 bp
PZ043209.1,success,phage_genomes/PZ043209.1.fasta,45520 bp
PX418926.1,success,phage_genomes/PX418926.1.fasta,43276 bp
PX418925.1,success,phage_genomes/PX418925.1.fasta,283017 bp
PX843006.1,success,phage_genomes/PX843006.1.fasta,45834 bp
PX843004.1,success,phage_genomes/PX843004.1.fasta,49970 bp
PX968319.1,success,phage_genomes/PX968319.1.fasta,92837 bp
PX968304.1,success,phage_genomes/PX968304.1.fasta,45016 bp
PX946875.1,success,phage_genomes/PX946875.1.fasta,50364 bp
PX946874.1,success,phage_genomes/PX946874.1.fasta,64264 bp
PX974238.1,success,phage_genomes/PX974238.1.fasta,49500 bp
PQ632788.4,success,phage_genomes/PQ632788.4.fasta,61617 bp
PQ628237.3,success,phage_genomes/PQ628237.3.fasta,61663 bp
PV976849.1,success,phage_genomes/PV976849.1.fasta,17011 bp
PX260991.1,success,phage_genomes/PX260991.1.fasta,37543 bp
PX259653.1,success,phage_genomes/PX259653.1.fasta,42553 bp
PX866605.1,success,phage_genomes/PX866605.1.fasta,57055 bp
PX866603.1,success,phage_genomes/PX866603.1.fasta,80449 bp
PX866601.1,success,phage_genomes/PX866601.1.fasta,154872 bp
PX866597.1,success,phage_genomes/PX866597.1.fasta,153169 bp
PX843246.1,success,phage_genomes/PX843246.1.fasta,45196 bp
PX843245.1,success,phage_genomes/PX843245.1.fasta,63274 bp
PX843244.1,success,phage_genomes/PX843244.1.fasta,40737 bp
PX843243.1,success,phage_genomes/PX843243.1.fasta,42816 bp
PX843242.1,success,phage_genomes/PX843242.1.fasta,42855 bp
PX843241.1,success,phage_genomes/PX843241.1.fasta,43225 bp
PX377017.1,success,phage_genomes/PX377017.1.fasta,38686 bp
PX585177.1,success,phage_genomes/PX585177.1.fasta,276868 bp
PX380000.1,success,phage_genomes/PX380000.1.fasta,43365 bp
PX670425.1,success,phage_genomes/PX670425.1.fasta,61407 bp
PX866998.1,success,phage_genomes/PX866998.1.fasta,42831 bp
PX884080.1,success,phage_genomes/PX884080.1.fasta,66042 bp
PX884079.1,success,phage_genomes/PX884079.1.fasta,280207 bp
PX884078.1,success,phage_genomes/PX884078.1.fasta,286555 bp
PX852194.1,success,phage_genomes/PX852194.1.fasta,87693 bp
PX852245.1,success,phage_genomes/PX852245.1.fasta,64083 bp
PX395730.1,success,phage_genomes/PX395730.1.fasta,43333 bp
PX789329.1,success,phage_genomes/PX789329.1.fasta,56972 bp
PX789328.1,success,phage_genomes/PX789328.1.fasta,64720 bp
PX789327.1,success,phage_genomes/PX789327.1.fasta,60169 bp
PX789326.1,success,phage_genomes/PX789326.1.fasta,60086 bp
PX789325.1,success,phage_genomes/PX789325.1.fasta,60834 bp
PX789324.1,success,phage_genomes/PX789324.1.fasta,58806 bp
PQ072796.2,success,phage_genomes/PQ072796.2.fasta,48146 bp
PQ305824.1,success,phage_genomes/PQ305824.1.fasta,45269 bp
PX677422.1,success,phage_genomes/PX677422.1.fasta,47697 bp
PV976809.1,success,phage_genomes/PV976809.1.fasta,280452 bp
OR540302.1,success,phage_genomes/OR540302.1.fasta,66214 bp
PX673949.1,success,phage_genomes/PX673949.1.fasta,100813 bp
PX673948.1,success,phage_genomes/PX673948.1.fasta,46927 bp
PX871048.2,success,phage_genomes/PX871048.2.fasta,43596 bp
PX068456.1,success,phage_genomes/PX068456.1.fasta,146024 bp
PX068455.1,success,phage_genomes/PX068455.1.fasta,136614 bp
PX068454.1,success,phage_genomes/PX068454.1.fasta,135638 bp
PZ223990.1,success,phage_genomes/PZ223990.1.fasta,51025 bp
PZ223989.1,success,phage_genomes/PZ223989.1.fasta,50208 bp
PZ212788.1,success,phage_genomes/PZ212788.1.fasta,131071 bp
PZ171035.1,success,phage_genomes/PZ171035.1.fasta,72034 bp
PZ171034.1,success,phage_genomes/PZ171034.1.fasta,72961 bp
PZ171033.1,success,phage_genomes/PZ171033.1.fasta,72961 bp
PZ171032.1,success,phage_genomes/PZ171032.1.fasta,135160 bp
PX132564.1,success,phage_genomes/PX132564.1.fasta,47573 bp
PX393110.1,success,phage_genomes/PX393110.1.fasta,112912 bp
PX393109.1,success,phage_genomes/PX393109.1.fasta,113488 bp
PX393108.1,success,phage_genomes/PX393108.1.fasta,167245 bp
PZ049338.1,success,phage_genomes/PZ049338.1.fasta,67479 bp
PZ049337.1,success,phage_genomes/PZ049337.1.fasta,52976 bp
PZ091942.1,success,phage_genomes/PZ091942.1.fasta,77933 bp
PX421306.1,success,phage_genomes/PX421306.1.fasta,167565 bp
PX962436.1,success,phage_genomes/PX962436.1.fasta,48115 bp
PX969075.1,success,phage_genomes/PX969075.1.fasta,40709 bp
PX943856.1,success,phage_genomes/PX943856.1.fasta,154921 bp
PZ049694.1,success,phage_genomes/PZ049694.1.fasta,168475 bp
PZ053912.1,success,phage_genomes/PZ053912.1.fasta,170036 bp
OZ418234.1,success,phage_genomes/OZ418234.1.fasta,41487 bp
OZ418233.1,success,phage_genomes/OZ418233.1.fasta,40362 bp
OZ418230.1,success,phage_genomes/OZ418230.1.fasta,42499 bp
OZ418229.1,success,phage_genomes/OZ418229.1.fasta,50385 bp
PX572931.1,success,phage_genomes/PX572931.1.fasta,53007 bp
PX969468.1,success,phage_genomes/PX969468.1.fasta,140198 bp
PZ050807.1,success,phage_genomes/PZ050807.1.fasta,45190 bp
PZ019086.1,success,phage_genomes/PZ019086.1.fasta,169810 bp
PZ019084.1,success,phage_genomes/PZ019084.1.fasta,166406 bp
PZ019085.1,success,phage_genomes/PZ019085.1.fasta,168431 bp
PZ019083.1,success,phage_genomes/PZ019083.1.fasta,41142 bp
PZ019082.1,success,phage_genomes/PZ019082.1.fasta,40613 bp
PX418924.1,success,phage_genomes/PX418924.1.fasta,38505 bp
PX418923.1,success,phage_genomes/PX418923.1.fasta,50008 bp
PX418922.1,success,phage_genomes/PX418922.1.fasta,149814 bp
OM867527.1,success,phage_genomes/OM867527.1.fasta,70120 bp
OM867526.1,success,phage_genomes/OM867526.1.fasta,107237 bp
PX994957.1,success,phage_genomes/PX994957.1.fasta,167430 bp
PZ000615.1,success,phage_genomes/PZ000615.1.fasta,51960 bp
PX946180.1,success,phage_genomes/PX946180.1.fasta,38310 bp
PZ000613.1,success,phage_genomes/PZ000613.1.fasta,76921 bp
PZ026127.1,success,phage_genomes/PZ026127.1.fasta,171349 bp
PZ027503.1,success,phage_genomes/PZ027503.1.fasta,150931 bp
PX853108.1,success,phage_genomes/PX853108.1.fasta,71811 bp
PQ826431.1,success,phage_genomes/PQ826431.1.fasta,151106 bp
PX907404.1,success,phage_genomes/PX907404.1.fasta,50935 bp
PX907403.1,success,phage_genomes/PX907403.1.fasta,44856 bp
PX907402.1,success,phage_genomes/PX907402.1.fasta,44317 bp
PX907401.1,success,phage_genomes/PX907401.1.fasta,44007 bp
PX907400.1,success,phage_genomes/PX907400.1.fasta,43319 bp
PX853812.1,success,phage_genomes/PX853812.1.fasta,167895 bp
PX880103.1,success,phage_genomes/PX880103.1.fasta,165503 bp
PX880102.1,success,phage_genomes/PX880102.1.fasta,166272 bp
PX880101.1,success,phage_genomes/PX880101.1.fasta,135305 bp
PX880100.1,success,phage_genomes/PX880100.1.fasta,108532 bp
PX880099.1,success,phage_genomes/PX880099.1.fasta,152157 bp
PX880098.1,success,phage_genomes/PX880098.1.fasta,44688 bp
PX974237.1,success,phage_genomes/PX974237.1.fasta,44742 bp
PV920691.1,success,phage_genomes/PV920691.1.fasta,91069 bp
PX651718.1,success,phage_genomes/PX651718.1.fasta,52949 bp
NC_105433.1,success,phage_genomes/NC_105433.1.fasta,51374 bp
NC_105619.1,success,phage_genomes/NC_105619.1.fasta,48980 bp
NC_105618.1,success,phage_genomes/NC_105618.1.fasta,50465 bp
NC_105617.1,success,phage_genomes/NC_105617.1.fasta,50709 bp
NC_109358.1,success,phage_genomes/NC_109358.1.fasta,50158 bp
NC_107631.1,success,phage_genomes/NC_107631.1.fasta,50078 bp
NC_105106.1,success,phage_genomes/NC_105106.1.fasta,50192 bp
NC_105788.1,success,phage_genomes/NC_105788.1.fasta,49689 bp
NC_129764.1,success,phage_genomes/NC_129764.1.fasta,51099 bp
NC_105105.1,success,phage_genomes/NC_105105.1.fasta,49298 bp
NC_013971.1,success,phage_genomes/NC_013971.1.fasta,3805874 bp
NC_101840.1,success,phage_genomes/NC_101840.1.fasta,49798 bp
NC_105436.1,success,phage_genomes/NC_105436.1.fasta,51253 bp
PQ634339.1,success,phage_genomes/PQ634339.1.fasta,37328 bp
PQ618007.1,success,phage_genomes/PQ618007.1.fasta,37020 bp
PX974340.1,success,phage_genomes/PX974340.1.fasta,25679 bp
PX866600.1,success,phage_genomes/PX866600.1.fasta,143259 bp
PX866599.1,success,phage_genomes/PX866599.1.fasta,39215 bp
PX872532.1,success,phage_genomes/PX872532.1.fasta,20965 bp
OM373206.1,success,phage_genomes/OM373206.1.fasta,110121 bp
PX842512.1,success,phage_genomes/PX842512.1.fasta,156276 bp
PX674298.1,success,phage_genomes/PX674298.1.fasta,152946 bp
PX654436.1,success,phage_genomes/PX654436.1.fasta,148586 bp
PX516693.1,success,phage_genomes/PX516693.1.fasta,49321 bp
LC901396.1,success,phage_genomes/LC901396.1.fasta,66466 bp
NC_102382.1,success,phage_genomes/NC_102382.1.fasta,49258 bp
NC_102606.1,success,phage_genomes/NC_102606.1.fasta,49683 bp
OL333533.1,success,phage_genomes/OL333533.1.fasta,155767 bp
OK625815.1,success,phage_genomes/OK625815.1.fasta,18821 bp
OK513034.1,success,phage_genomes/OK513034.1.fasta,94623 bp
NC_129615.1,success,phage_genomes/NC_129615.1.fasta,151052 bp
NC_104266.1,success,phage_genomes/NC_104266.1.fasta,37780 bp
NC_104263.1,success,phage_genomes/NC_104263.1.fasta,36510 bp
NC_104262.1,success,phage_genomes/NC_104262.1.fasta,37304 bp
NC_104265.1,success,phage_genomes/NC_104265.1.fasta,37233 bp
NC_104261.1,success,phage_genomes/NC_104261.1.fasta,36920 bp
NC_112270.1,success,phage_genomes/NC_112270.1.fasta,42221 bp
NC_111369.1,success,phage_genomes/NC_111369.1.fasta,43140 bp
NC_102127.1,success,phage_genomes/NC_102127.1.fasta,45419 bp
MT980839.1,success,phage_genomes/MT980839.1.fasta,37780 bp
DQ222855.1,success,phage_genomes/DQ222855.1.fasta,38067 bp
NC_107481.1,success,phage_genomes/NC_107481.1.fasta,36864 bp
PV844446.1,success,phage_genomes/PV844446.1.fasta,45903 bp
PX023499.1,success,phage_genomes/PX023499.1.fasta,158485 bp
PQ338056.1,success,phage_genomes/PQ338056.1.fasta,44506 bp
PV695473.1,success,phage_genomes/PV695473.1.fasta,41205 bp
PV695472.1,success,phage_genomes/PV695472.1.fasta,41205 bp
PV796108.1,success,phage_genomes/PV796108.1.fasta,233813 bp
NC_111375.1,success,phage_genomes/NC_111375.1.fasta,25439 bp
NC_111368.1,success,phage_genomes/NC_111368.1.fasta,28009 bp
NC_108342.1,success,phage_genomes/NC_108342.1.fasta,17798 bp
NC_108593.1,success,phage_genomes/NC_108593.1.fasta,20678 bp
PV449003.1,success,phage_genomes/PV449003.1.fasta,157419 bp
NZ_CP008698.1,success,phage_genomes/NZ_CP008698.1.fasta,4193640 bp
NZ_CP007800.1,success,phage_genomes/NZ_CP007800.1.fasta,4188369 bp
MZ357961.1,success,phage_genomes/MZ357961.1.fasta,107896 bp
PV504776.1,success,phage_genomes/PV504776.1.fasta,45887 bp
PV504775.1,success,phage_genomes/PV504775.1.fasta,43578 bp
PV231355.1,success,phage_genomes/PV231355.1.fasta,223013 bp
PQ805431.1,success,phage_genomes/PQ805431.1.fasta,45374 bp
NC_102108.1,success,phage_genomes/NC_102108.1.fasta,110937 bp
PV296012.1,success,phage_genomes/PV296012.1.fasta,157103 bp
PV037644.1,success,phage_genomes/PV037644.1.fasta,47071 bp
PV261948.1,success,phage_genomes/PV261948.1.fasta,147395 bp
PQ758588.1,success,phage_genomes/PQ758588.1.fasta,48817 bp
PQ571292.1,success,phage_genomes/PQ571292.1.fasta,38020 bp
PQ571287.1,success,phage_genomes/PQ571287.1.fasta,152401 bp
PQ571267.1,success,phage_genomes/PQ571267.1.fasta,45476 bp
NC_104812.1,success,phage_genomes/NC_104812.1.fasta,50040 bp
NC_129888.1,success,phage_genomes/NC_129888.1.fasta,51632 bp
PZ227171.1,success,phage_genomes/PZ227171.1.fasta,49538 bp
PZ099671.1,success,phage_genomes/PZ099671.1.fasta,112651 bp
PZ099670.1,success,phage_genomes/PZ099670.1.fasta,47343 bp
PZ105927.1,success,phage_genomes/PZ105927.1.fasta,40302 bp
PZ091928.1,success,phage_genomes/PZ091928.1.fasta,41028 bp
PZ055536.1,success,phage_genomes/PZ055536.1.fasta,39396 bp
PZ055538.1,success,phage_genomes/PZ055538.1.fasta,49511 bp
PZ055537.1,success,phage_genomes/PZ055537.1.fasta,49354 bp
PZ055535.1,success,phage_genomes/PZ055535.1.fasta,43914 bp
PZ055534.1,success,phage_genomes/PZ055534.1.fasta,109948 bp
PZ055533.1,success,phage_genomes/PZ055533.1.fasta,147188 bp
PZ055532.1,success,phage_genomes/PZ055532.1.fasta,43072 bp
PZ055531.1,success,phage_genomes/PZ055531.1.fasta,39396 bp
PX943615.1,success,phage_genomes/PX943615.1.fasta,43991 bp
PX974239.1,success,phage_genomes/PX974239.1.fasta,43746 bp
PZ050808.1,success,phage_genomes/PZ050808.1.fasta,52744 bp
PZ036784.1,success,phage_genomes/PZ036784.1.fasta,39492 bp
PX974333.1,success,phage_genomes/PX974333.1.fasta,48990 bp
PX974332.1,success,phage_genomes/PX974332.1.fasta,48531 bp
PX872923.1,success,phage_genomes/PX872923.1.fasta,46182 bp
PX872922.1,success,phage_genomes/PX872922.1.fasta,49432 bp
PX872921.1,success,phage_genomes/PX872921.1.fasta,40645 bp
PX872920.1,success,phage_genomes/PX872920.1.fasta,40222 bp
PX872919.1,success,phage_genomes/PX872919.1.fasta,41173 bp
PX872917.1,success,phage_genomes/PX872917.1.fasta,40126 bp
PX872915.1,success,phage_genomes/PX872915.1.fasta,49392 bp
PX974311.1,success,phage_genomes/PX974311.1.fasta,41467 bp
PX974331.1,success,phage_genomes/PX974331.1.fasta,40849 bp
PX969080.1,success,phage_genomes/PX969080.1.fasta,38254 bp
PZ000752.1,success,phage_genomes/PZ000752.1.fasta,40292 bp
PZ000751.1,success,phage_genomes/PZ000751.1.fasta,50156 bp
PV506378.1,success,phage_genomes/PV506378.1.fasta,40977 bp
PX997131.1,success,phage_genomes/PX997131.1.fasta,49003 bp
PX946034.1,success,phage_genomes/PX946034.1.fasta,113941 bp
PX843005.1,success,phage_genomes/PX843005.1.fasta,49235 bp
PZ022450.1,success,phage_genomes/PZ022450.1.fasta,174591 bp
PX979746.1,success,phage_genomes/PX979746.1.fasta,59293 bp
PX529685.1,success,phage_genomes/PX529685.1.fasta,39617 bp
PQ890122.1,success,phage_genomes/PQ890122.1.fasta,111512 bp
LC890683.1,success,phage_genomes/LC890683.1.fasta,43216 bp
PX441352.1,success,phage_genomes/PX441352.1.fasta,65648 bp
PZ125052.1,success,phage_genomes/PZ125052.1.fasta,41198 bp
PZ069137.1,success,phage_genomes/PZ069137.1.fasta,47717 bp
PX091872.1,success,phage_genomes/PX091872.1.fasta,41573 bp
PX091871.1,success,phage_genomes/PX091871.1.fasta,39997 bp
PX091870.1,success,phage_genomes/PX091870.1.fasta,39082 bp
PX091869.1,success,phage_genomes/PX091869.1.fasta,39039 bp
PX237226.1,success,phage_genomes/PX237226.1.fasta,41763 bp
PZ048998.1,success,phage_genomes/PZ048998.1.fasta,42535 bp
PZ049449.1,success,phage_genomes/PZ049449.1.fasta,109170 bp
OM967031.1,success,phage_genomes/OM967031.1.fasta,45440 bp
PZ014354.1,success,phage_genomes/PZ014354.1.fasta,46490 bp
PZ020098.1,success,phage_genomes/PZ020098.1.fasta,112263 bp
PZ020097.1,success,phage_genomes/PZ020097.1.fasta,112237 bp
PX944710.1,success,phage_genomes/PX944710.1.fasta,86158 bp
PX944709.1,success,phage_genomes/PX944709.1.fasta,112349 bp
PX944708.1,success,phage_genomes/PX944708.1.fasta,159528 bp
PX944707.1,success,phage_genomes/PX944707.1.fasta,111311 bp
PX944706.1,success,phage_genomes/PX944706.1.fasta,112264 bp
PX944705.1,success,phage_genomes/PX944705.1.fasta,157239 bp
PX944704.1,success,phage_genomes/PX944704.1.fasta,87711 bp
PX944703.1,success,phage_genomes/PX944703.1.fasta,38572 bp
PX651403.1,success,phage_genomes/PX651403.1.fasta,107445 bp
PX651402.1,success,phage_genomes/PX651402.1.fasta,104931 bp
PX651401.1,success,phage_genomes/PX651401.1.fasta,39383 bp
PX651400.1,success,phage_genomes/PX651400.1.fasta,39931 bp
PX651399.1,success,phage_genomes/PX651399.1.fasta,43161 bp
PX943558.1,success,phage_genomes/PX943558.1.fasta,41090 bp
FQ312032.1,success,phage_genomes/FQ312032.1.fasta,157061 bp
NC_101820.1,success,phage_genomes/NC_101820.1.fasta,50768 bp
NC_130781.1,success,phage_genomes/NC_130781.1.fasta,51921 bp
NC_111484.1,success,phage_genomes/NC_111484.1.fasta,49758 bp
NC_112025.1,success,phage_genomes/NC_112025.1.fasta,52100 bp
PZ125038.1,success,phage_genomes/PZ125038.1.fasta,135816 bp
PV985310.1,success,phage_genomes/PV985310.1.fasta,140258 bp
PX102495.1,success,phage_genomes/PX102495.1.fasta,43204 bp
PX021575.1,success,phage_genomes/PX021575.1.fasta,140258 bp
PX021574.1,success,phage_genomes/PX021574.1.fasta,43166 bp
PX021573.1,success,phage_genomes/PX021573.1.fasta,43167 bp
PZ051232.1,success,phage_genomes/PZ051232.1.fasta,138316 bp
PZ051231.1,success,phage_genomes/PZ051231.1.fasta,134864 bp
PX943855.1,success,phage_genomes/PX943855.1.fasta,139470 bp
PX974351.1,success,phage_genomes/PX974351.1.fasta,44364 bp
PZ025973.1,success,phage_genomes/PZ025973.1.fasta,17869 bp
PX787798.1,success,phage_genomes/PX787798.1.fasta,16990 bp
PX872122.1,success,phage_genomes/PX872122.1.fasta,134843 bp
PX866612.1,success,phage_genomes/PX866612.1.fasta,61054 bp
PX866611.1,success,phage_genomes/PX866611.1.fasta,59992 bp
PX376716.1,success,phage_genomes/PX376716.1.fasta,17504 bp
PX278216.1,success,phage_genomes/PX278216.1.fasta,17504 bp
PX848770.1,success,phage_genomes/PX848770.1.fasta,133800 bp
PX842708.1,success,phage_genomes/PX842708.1.fasta,136314 bp
PX842636.1,success,phage_genomes/PX842636.1.fasta,43427 bp
PX667142.1,success,phage_genomes/PX667142.1.fasta,130666 bp
PP952055.1,success,phage_genomes/PP952055.1.fasta,44643 bp
PX655697.1,success,phage_genomes/PX655697.1.fasta,140861 bp
OQ863049.1,success,phage_genomes/OQ863049.1.fasta,46409 bp
KX356067.1,success,phage_genomes/KX356067.1.fasta,141821 bp
KX356066.1,success,phage_genomes/KX356066.1.fasta,140894 bp
KX356065.1,success,phage_genomes/KX356065.1.fasta,140118 bp
KX356064.1,success,phage_genomes/KX356064.1.fasta,140120 bp
KX356063.1,success,phage_genomes/KX356063.1.fasta,140118 bp
KX356062.1,success,phage_genomes/KX356062.1.fasta,18178 bp
KX356061.1,success,phage_genomes/KX356061.1.fasta,136563 bp
PX550014.1,success,phage_genomes/PX550014.1.fasta,137903 bp
PX550013.1,success,phage_genomes/PX550013.1.fasta,139877 bp
PX530545.1,success,phage_genomes/PX530545.1.fasta,209876 bp
PV426910.1,success,phage_genomes/PV426910.1.fasta,141991 bp
PV426909.1,success,phage_genomes/PV426909.1.fasta,140342 bp
PV941000.1,success,phage_genomes/PV941000.1.fasta,154995 bp
PV940998.1,success,phage_genomes/PV940998.1.fasta,153525 bp
PV940996.1,success,phage_genomes/PV940996.1.fasta,155479 bp
PV940988.1,success,phage_genomes/PV940988.1.fasta,70791 bp
PV940986.1,success,phage_genomes/PV940986.1.fasta,69397 bp
PV940985.1,success,phage_genomes/PV940985.1.fasta,154554 bp
PV940982.1,success,phage_genomes/PV940982.1.fasta,71053 bp
PV940981.1,success,phage_genomes/PV940981.1.fasta,155109 bp
PZ172981.1,success,phage_genomes/PZ172981.1.fasta,52600 bp
PZ172980.1,success,phage_genomes/PZ172980.1.fasta,70725 bp
PZ172979.1,success,phage_genomes/PZ172979.1.fasta,52229 bp
PZ172978.1,success,phage_genomes/PZ172978.1.fasta,71208 bp
PZ172977.1,success,phage_genomes/PZ172977.1.fasta,76713 bp
PZ145244.1,success,phage_genomes/PZ145244.1.fasta,56261 bp
PZ145242.1,success,phage_genomes/PZ145242.1.fasta,68671 bp
PZ145241.1,success,phage_genomes/PZ145241.1.fasta,68671 bp
PZ145240.1,success,phage_genomes/PZ145240.1.fasta,57446 bp
PV915902.1,success,phage_genomes/PV915902.1.fasta,55442 bp
PV915901.1,success,phage_genomes/PV915901.1.fasta,68879 bp
PV915896.1,success,phage_genomes/PV915896.1.fasta,58749 bp
PV915895.1,success,phage_genomes/PV915895.1.fasta,56529 bp
PV915890.1,success,phage_genomes/PV915890.1.fasta,51375 bp
PV915889.1,success,phage_genomes/PV915889.1.fasta,51375 bp
PV915887.1,success,phage_genomes/PV915887.1.fasta,71466 bp
PV915878.1,success,phage_genomes/PV915878.1.fasta,61517 bp
PV915877.1,success,phage_genomes/PV915877.1.fasta,58365 bp
PV915874.1,success,phage_genomes/PV915874.1.fasta,42003 bp
PV915872.1,success,phage_genomes/PV915872.1.fasta,67387 bp
PV915871.1,success,phage_genomes/PV915871.1.fasta,61105 bp
PV915868.1,success,phage_genomes/PV915868.1.fasta,50824 bp
